mode: atomic
github.com/mborodin/uyuni-operator/internal/validation/annotations.go:19.19,21.29 2 4
github.com/mborodin/uyuni-operator/internal/validation/annotations.go:21.29,23.10 2 4
github.com/mborodin/uyuni-operator/internal/validation/annotations.go:23.10,24.12 1 1
github.com/mborodin/uyuni-operator/internal/validation/annotations.go:26.3,26.18 1 3
github.com/mborodin/uyuni-operator/internal/validation/annotations.go:26.18,30.4 1 2
github.com/mborodin/uyuni-operator/internal/validation/annotations.go:32.2,32.13 1 4
github.com/mborodin/uyuni-operator/internal/validation/envchain.go:21.88,24.20 2 7
github.com/mborodin/uyuni-operator/internal/validation/envchain.go:24.20,27.3 2 1
github.com/mborodin/uyuni-operator/internal/validation/envchain.go:29.2,31.25 3 6
github.com/mborodin/uyuni-operator/internal/validation/envchain.go:31.25,33.20 2 13
github.com/mborodin/uyuni-operator/internal/validation/envchain.go:33.20,35.4 1 1
github.com/mborodin/uyuni-operator/internal/validation/envchain.go:36.3,37.26 2 13
github.com/mborodin/uyuni-operator/internal/validation/envchain.go:37.26,39.4 1 6
github.com/mborodin/uyuni-operator/internal/validation/envchain.go:42.2,42.15 1 6
github.com/mborodin/uyuni-operator/internal/validation/envchain.go:43.9,45.71 1 1
github.com/mborodin/uyuni-operator/internal/validation/envchain.go:46.9,46.9 0 4
github.com/mborodin/uyuni-operator/internal/validation/envchain.go:48.10,50.92 1 1
github.com/mborodin/uyuni-operator/internal/validation/envchain.go:53.2,53.25 1 6
github.com/mborodin/uyuni-operator/internal/validation/envchain.go:53.25,54.50 1 13
github.com/mborodin/uyuni-operator/internal/validation/envchain.go:54.50,57.4 1 1
github.com/mborodin/uyuni-operator/internal/validation/envchain.go:60.2,60.40 1 6
github.com/mborodin/uyuni-operator/internal/validation/envchain.go:60.40,63.3 1 0
github.com/mborodin/uyuni-operator/internal/validation/envchain.go:65.2,65.13 1 6
github.com/mborodin/uyuni-operator/internal/validation/envchain.go:68.56,70.25 2 2
github.com/mborodin/uyuni-operator/internal/validation/envchain.go:70.25,72.3 1 4
github.com/mborodin/uyuni-operator/internal/validation/envchain.go:73.2,73.25 1 2
github.com/mborodin/uyuni-operator/internal/validation/envchain.go:73.25,76.20 3 4
github.com/mborodin/uyuni-operator/internal/validation/envchain.go:76.20,77.20 1 3
github.com/mborodin/uyuni-operator/internal/validation/envchain.go:77.20,79.5 1 0
github.com/mborodin/uyuni-operator/internal/validation/envchain.go:80.4,81.25 2 3
github.com/mborodin/uyuni-operator/internal/validation/envchain.go:84.2,84.13 1 2
github.com/mborodin/uyuni-operator/internal/validation/envchain.go:89.81,91.25 2 1
github.com/mborodin/uyuni-operator/internal/validation/envchain.go:91.25,93.3 1 3
github.com/mborodin/uyuni-operator/internal/validation/envchain.go:94.2,96.6 3 1
github.com/mborodin/uyuni-operator/internal/validation/envchain.go:96.6,98.10 2 4
github.com/mborodin/uyuni-operator/internal/validation/envchain.go:98.10,99.9 1 1
github.com/mborodin/uyuni-operator/internal/validation/envchain.go:101.3,102.22 2 3
github.com/mborodin/uyuni-operator/internal/validation/envchain.go:104.2,104.12 1 1
github.com/mborodin/uyuni-operator/internal/validation/promotion.go:20.19,23.19 2 4
github.com/mborodin/uyuni-operator/internal/validation/promotion.go:23.19,25.3 1 0
github.com/mborodin/uyuni-operator/internal/validation/promotion.go:26.2,26.17 1 4
github.com/mborodin/uyuni-operator/internal/validation/promotion.go:26.17,28.3 1 0
github.com/mborodin/uyuni-operator/internal/validation/promotion.go:29.2,29.39 1 4
github.com/mborodin/uyuni-operator/internal/validation/promotion.go:29.39,32.3 1 1
github.com/mborodin/uyuni-operator/internal/validation/promotion.go:33.2,33.19 1 4
github.com/mborodin/uyuni-operator/internal/validation/promotion.go:33.19,35.3 1 1
github.com/mborodin/uyuni-operator/internal/validation/promotion.go:37.2,39.46 3 3
github.com/mborodin/uyuni-operator/internal/validation/promotion.go:39.46,42.3 2 9
github.com/mborodin/uyuni-operator/internal/validation/promotion.go:44.2,44.21 1 3
github.com/mborodin/uyuni-operator/internal/validation/promotion.go:44.21,46.3 1 1
github.com/mborodin/uyuni-operator/internal/validation/promotion.go:47.2,48.15 2 3
github.com/mborodin/uyuni-operator/internal/validation/promotion.go:48.15,50.3 1 0
github.com/mborodin/uyuni-operator/internal/validation/promotion.go:50.8,50.48 1 3
github.com/mborodin/uyuni-operator/internal/validation/promotion.go:50.48,54.3 1 1
github.com/mborodin/uyuni-operator/internal/validation/promotion.go:55.2,55.13 1 3
github.com/mborodin/uyuni-operator/internal/validation/refs.go:21.19,23.39 2 4
github.com/mborodin/uyuni-operator/internal/validation/refs.go:23.39,26.3 1 1
github.com/mborodin/uyuni-operator/internal/validation/refs.go:27.2,27.46 1 4
github.com/mborodin/uyuni-operator/internal/validation/refs.go:27.46,30.3 1 1
github.com/mborodin/uyuni-operator/internal/validation/refs.go:31.2,31.13 1 4
github.com/mborodin/uyuni-operator/internal/validation/refs.go:42.19,43.16 1 5
github.com/mborodin/uyuni-operator/internal/validation/refs.go:43.16,45.3 1 1
github.com/mborodin/uyuni-operator/internal/validation/refs.go:46.2,46.20 1 4
github.com/mborodin/uyuni-operator/internal/validation/refs.go:46.20,48.3 1 1
github.com/mborodin/uyuni-operator/internal/validation/refs.go:49.2,49.28 1 3
github.com/mborodin/uyuni-operator/internal/validation/refs.go:49.28,50.25 1 2
github.com/mborodin/uyuni-operator/internal/validation/refs.go:50.25,52.4 1 1
github.com/mborodin/uyuni-operator/internal/validation/refs.go:54.2,55.86 1 2
github.com/mborodin/uyuni-operator/internal/validation/system.go:15.90,17.15 2 0
github.com/mborodin/uyuni-operator/internal/validation/system.go:17.15,19.3 1 0
github.com/mborodin/uyuni-operator/internal/validation/system.go:20.2,21.33 2 0
github.com/mborodin/uyuni-operator/internal/validation/system.go:21.33,23.19 2 0
github.com/mborodin/uyuni-operator/internal/validation/system.go:23.19,25.4 1 0
github.com/mborodin/uyuni-operator/internal/validation/system.go:25.9,25.26 1 0
github.com/mborodin/uyuni-operator/internal/validation/system.go:25.26,27.4 1 0
github.com/mborodin/uyuni-operator/internal/validation/system.go:28.3,30.42 2 0
github.com/mborodin/uyuni-operator/internal/validation/system.go:30.42,33.4 1 0
github.com/mborodin/uyuni-operator/internal/validation/system.go:34.3,34.25 1 0
github.com/mborodin/uyuni-operator/internal/validation/system.go:34.25,37.26 3 0
github.com/mborodin/uyuni-operator/internal/validation/system.go:37.26,40.5 1 0
github.com/mborodin/uyuni-operator/internal/validation/system.go:43.2,43.39 1 0
github.com/mborodin/uyuni-operator/internal/validation/system.go:43.39,47.25 4 0
github.com/mborodin/uyuni-operator/internal/validation/system.go:47.25,50.4 1 0
github.com/mborodin/uyuni-operator/internal/validation/system.go:52.2,52.13 1 0
github.com/mborodin/uyuni-operator/internal/validation/system.go:57.93,60.29 3 5
github.com/mborodin/uyuni-operator/internal/validation/system.go:60.29,62.19 2 5
github.com/mborodin/uyuni-operator/internal/validation/system.go:62.19,64.12 2 0
github.com/mborodin/uyuni-operator/internal/validation/system.go:66.3,66.19 1 5
github.com/mborodin/uyuni-operator/internal/validation/system.go:66.19,68.4 1 0
github.com/mborodin/uyuni-operator/internal/validation/system.go:69.3,71.35 2 5
github.com/mborodin/uyuni-operator/internal/validation/system.go:71.35,77.57 6 5
github.com/mborodin/uyuni-operator/internal/validation/system.go:77.57,78.12 1 15
github.com/mborodin/uyuni-operator/internal/validation/system.go:78.12,80.6 1 4
github.com/mborodin/uyuni-operator/internal/validation/system.go:82.4,82.14 1 5
github.com/mborodin/uyuni-operator/internal/validation/system.go:82.14,85.5 1 1
github.com/mborodin/uyuni-operator/internal/validation/system.go:88.4,89.72 2 5
github.com/mborodin/uyuni-operator/internal/validation/system.go:89.72,92.5 1 1
github.com/mborodin/uyuni-operator/internal/validation/system.go:95.4,95.62 1 5
github.com/mborodin/uyuni-operator/internal/validation/system.go:95.62,98.5 1 1
github.com/mborodin/uyuni-operator/internal/validation/system.go:99.4,99.14 1 5
github.com/mborodin/uyuni-operator/internal/validation/system.go:99.14,101.5 1 1
github.com/mborodin/uyuni-operator/internal/validation/system.go:103.3,103.43 1 5
github.com/mborodin/uyuni-operator/internal/validation/system.go:103.43,106.14 3 0
github.com/mborodin/uyuni-operator/internal/validation/system.go:106.14,109.5 1 0
github.com/mborodin/uyuni-operator/internal/validation/system.go:112.2,112.13 1 5
github.com/mborodin/uyuni-operator/internal/validation/system.go:117.88,119.20 2 1
github.com/mborodin/uyuni-operator/internal/validation/system.go:119.20,121.3 1 0
github.com/mborodin/uyuni-operator/internal/validation/system.go:122.2,122.20 1 1
github.com/mborodin/uyuni-operator/internal/validation/system.go:122.20,124.3 1 0
github.com/mborodin/uyuni-operator/internal/validation/system.go:125.2,125.25 1 1
github.com/mborodin/uyuni-operator/internal/validation/system.go:125.25,127.3 1 0
github.com/mborodin/uyuni-operator/internal/validation/system.go:128.2,129.40 2 1
github.com/mborodin/uyuni-operator/internal/validation/system.go:129.40,131.3 1 1
github.com/mborodin/uyuni-operator/internal/validation/system.go:132.2,132.28 1 1
github.com/mborodin/uyuni-operator/internal/validation/system.go:132.28,135.3 1 0
github.com/mborodin/uyuni-operator/internal/validation/system.go:136.2,136.13 1 1
github.com/mborodin/uyuni-operator/internal/validation/system.go:139.38,140.30 1 1
github.com/mborodin/uyuni-operator/internal/validation/system.go:140.30,141.16 1 24
github.com/mborodin/uyuni-operator/internal/validation/system.go:141.16,143.4 1 1
github.com/mborodin/uyuni-operator/internal/validation/system.go:145.2,145.11 1 0
github.com/mborodin/uyuni-operator/internal/validation/system.go:150.97,153.27 3 0
github.com/mborodin/uyuni-operator/internal/validation/system.go:153.27,155.26 2 0
github.com/mborodin/uyuni-operator/internal/validation/system.go:155.26,157.12 2 0
github.com/mborodin/uyuni-operator/internal/validation/system.go:159.3,159.26 1 0
github.com/mborodin/uyuni-operator/internal/validation/system.go:159.26,161.4 1 0
github.com/mborodin/uyuni-operator/internal/validation/system.go:162.3,162.29 1 0
github.com/mborodin/uyuni-operator/internal/validation/system.go:164.2,164.13 1 0
github.com/mborodin/uyuni-operator/internal/validation/task.go:12.45,14.24 2 5
github.com/mborodin/uyuni-operator/internal/validation/task.go:14.24,16.3 1 3
github.com/mborodin/uyuni-operator/internal/validation/task.go:17.2,17.28 1 5
github.com/mborodin/uyuni-operator/internal/validation/task.go:17.28,19.3 1 1
github.com/mborodin/uyuni-operator/internal/validation/task.go:20.2,20.21 1 5
github.com/mborodin/uyuni-operator/internal/validation/task.go:20.21,22.3 1 1
github.com/mborodin/uyuni-operator/internal/validation/task.go:23.2,23.27 1 5
github.com/mborodin/uyuni-operator/internal/validation/task.go:23.27,25.3 1 0
github.com/mborodin/uyuni-operator/internal/validation/task.go:26.2,26.34 1 5
github.com/mborodin/uyuni-operator/internal/validation/task.go:26.34,28.3 1 0
github.com/mborodin/uyuni-operator/internal/validation/task.go:29.2,29.10 1 5
github.com/mborodin/uyuni-operator/internal/validation/task.go:34.51,36.24 2 5
github.com/mborodin/uyuni-operator/internal/validation/task.go:36.24,38.3 1 5
github.com/mborodin/uyuni-operator/internal/validation/task.go:39.2,39.29 1 5
github.com/mborodin/uyuni-operator/internal/validation/task.go:39.29,41.3 1 1
github.com/mborodin/uyuni-operator/internal/validation/task.go:42.2,42.26 1 5
github.com/mborodin/uyuni-operator/internal/validation/task.go:42.26,44.3 1 0
github.com/mborodin/uyuni-operator/internal/validation/task.go:45.2,45.10 1 5
github.com/mborodin/uyuni-operator/internal/validation/task.go:50.74,53.26 2 5
github.com/mborodin/uyuni-operator/internal/validation/task.go:54.9,56.94 1 1
github.com/mborodin/uyuni-operator/internal/validation/task.go:57.9,57.9 0 3
github.com/mborodin/uyuni-operator/internal/validation/task.go:59.10,61.47 1 1
github.com/mborodin/uyuni-operator/internal/validation/task.go:64.2,64.36 1 5
github.com/mborodin/uyuni-operator/internal/validation/task.go:65.9,67.63 1 0
github.com/mborodin/uyuni-operator/internal/validation/task.go:68.9,68.9 0 4
github.com/mborodin/uyuni-operator/internal/validation/task.go:70.10,72.44 1 1
github.com/mborodin/uyuni-operator/internal/validation/task.go:75.2,75.28 1 5
github.com/mborodin/uyuni-operator/internal/validation/task.go:75.28,76.41 1 1
github.com/mborodin/uyuni-operator/internal/validation/task.go:76.41,80.4 1 0
github.com/mborodin/uyuni-operator/internal/validation/task.go:81.3,81.36 1 1
github.com/mborodin/uyuni-operator/internal/validation/task.go:81.36,84.4 1 1
github.com/mborodin/uyuni-operator/internal/validation/task.go:87.2,87.13 1 5
github.com/mborodin/uyuni-operator/internal/uyuni/api.go:245.33,247.25 2 0
github.com/mborodin/uyuni-operator/internal/uyuni/api.go:247.25,249.3 1 0
github.com/mborodin/uyuni-operator/internal/uyuni/api.go:250.2,250.14 1 0
github.com/mborodin/uyuni-operator/internal/uyuni/api.go:258.44,260.2 1 0
github.com/mborodin/uyuni-operator/internal/uyuni/client.go:61.41,61.57 1 0
github.com/mborodin/uyuni-operator/internal/uyuni/client.go:62.41,62.56 1 0
github.com/mborodin/uyuni-operator/internal/uyuni/client.go:67.98,69.16 2 0
github.com/mborodin/uyuni-operator/internal/uyuni/client.go:69.16,71.3 1 0
github.com/mborodin/uyuni-operator/internal/uyuni/client.go:73.2,83.16 3 0
github.com/mborodin/uyuni-operator/internal/uyuni/client.go:83.16,85.3 1 0
github.com/mborodin/uyuni-operator/internal/uyuni/client.go:86.2,86.21 1 0
github.com/mborodin/uyuni-operator/internal/uyuni/client.go:86.21,100.3 4 0
github.com/mborodin/uyuni-operator/internal/uyuni/client.go:102.2,102.43 1 0
github.com/mborodin/uyuni-operator/internal/uyuni/client.go:102.43,104.3 1 0
github.com/mborodin/uyuni-operator/internal/uyuni/client.go:106.2,107.21 2 0
github.com/mborodin/uyuni-operator/internal/uyuni/client.go:107.21,109.18 2 0
github.com/mborodin/uyuni-operator/internal/uyuni/client.go:109.18,111.4 1 0
github.com/mborodin/uyuni-operator/internal/uyuni/client.go:112.3,113.27 2 0
github.com/mborodin/uyuni-operator/internal/uyuni/client.go:115.2,125.37 4 0
github.com/mborodin/uyuni-operator/internal/uyuni/client.go:125.37,127.3 1 0
github.com/mborodin/uyuni-operator/internal/uyuni/client.go:128.2,128.15 1 0
github.com/mborodin/uyuni-operator/internal/uyuni/client.go:137.35,139.16 2 0
github.com/mborodin/uyuni-operator/internal/uyuni/client.go:139.16,141.3 1 0
github.com/mborodin/uyuni-operator/internal/uyuni/client.go:142.2,143.16 2 0
github.com/mborodin/uyuni-operator/internal/uyuni/client.go:143.16,145.3 1 0
github.com/mborodin/uyuni-operator/internal/uyuni/client.go:146.2,148.16 3 0
github.com/mborodin/uyuni-operator/internal/uyuni/client.go:148.16,150.3 1 0
github.com/mborodin/uyuni-operator/internal/uyuni/client.go:151.2,156.59 4 0
github.com/mborodin/uyuni-operator/internal/uyuni/client.go:156.59,158.3 1 0
github.com/mborodin/uyuni-operator/internal/uyuni/client.go:159.2,159.22 1 0
github.com/mborodin/uyuni-operator/internal/uyuni/client.go:159.22,161.3 1 0
github.com/mborodin/uyuni-operator/internal/uyuni/client.go:162.2,162.12 1 0
github.com/mborodin/uyuni-operator/internal/uyuni/client.go:171.55,175.44 4 0
github.com/mborodin/uyuni-operator/internal/uyuni/client.go:175.44,176.50 1 0
github.com/mborodin/uyuni-operator/internal/uyuni/client.go:176.50,179.4 2 0
github.com/mborodin/uyuni-operator/internal/uyuni/client.go:180.3,180.44 1 0
github.com/mborodin/uyuni-operator/internal/uyuni/client.go:182.2,182.16 1 0
github.com/mborodin/uyuni-operator/internal/uyuni/client.go:182.16,185.3 2 0
github.com/mborodin/uyuni-operator/internal/uyuni/client.go:186.2,186.19 1 0
github.com/mborodin/uyuni-operator/internal/uyuni/client.go:186.19,189.3 2 0
github.com/mborodin/uyuni-operator/internal/uyuni/client.go:190.2,190.25 1 0
github.com/mborodin/uyuni-operator/internal/uyuni/client.go:194.77,198.44 4 0
github.com/mborodin/uyuni-operator/internal/uyuni/client.go:198.44,199.50 1 0
github.com/mborodin/uyuni-operator/internal/uyuni/client.go:199.50,202.4 2 0
github.com/mborodin/uyuni-operator/internal/uyuni/client.go:203.3,203.51 1 0
github.com/mborodin/uyuni-operator/internal/uyuni/client.go:205.2,205.16 1 0
github.com/mborodin/uyuni-operator/internal/uyuni/client.go:205.16,208.3 2 0
github.com/mborodin/uyuni-operator/internal/uyuni/client.go:209.2,209.19 1 0
github.com/mborodin/uyuni-operator/internal/uyuni/client.go:209.19,212.3 2 0
github.com/mborodin/uyuni-operator/internal/uyuni/client.go:213.2,213.25 1 0
github.com/mborodin/uyuni-operator/internal/uyuni/client.go:217.46,221.37 3 0
github.com/mborodin/uyuni-operator/internal/uyuni/client.go:221.37,223.3 1 0
github.com/mborodin/uyuni-operator/internal/uyuni/client.go:226.2,232.16 4 0
github.com/mborodin/uyuni-operator/internal/uyuni/client.go:232.16,234.3 1 0
github.com/mborodin/uyuni-operator/internal/uyuni/client.go:237.2,238.16 2 0
github.com/mborodin/uyuni-operator/internal/uyuni/client.go:238.16,240.3 1 0
github.com/mborodin/uyuni-operator/internal/uyuni/client.go:243.2,251.16 6 0
github.com/mborodin/uyuni-operator/internal/uyuni/client.go:251.16,253.31 1 0
github.com/mborodin/uyuni-operator/internal/uyuni/client.go:253.31,254.49 1 0
github.com/mborodin/uyuni-operator/internal/uyuni/client.go:254.49,256.5 1 0
github.com/mborodin/uyuni-operator/internal/uyuni/client.go:257.4,260.34 4 0
github.com/mborodin/uyuni-operator/internal/uyuni/client.go:262.3,262.17 1 0
github.com/mborodin/uyuni-operator/internal/uyuni/client.go:262.17,264.4 1 0
github.com/mborodin/uyuni-operator/internal/uyuni/client.go:266.2,269.48 2 0
github.com/mborodin/uyuni-operator/internal/uyuni/client.go:269.48,271.48 2 0
github.com/mborodin/uyuni-operator/internal/uyuni/client.go:271.48,273.4 1 0
github.com/mborodin/uyuni-operator/internal/uyuni/client.go:274.3,280.17 7 0
github.com/mborodin/uyuni-operator/internal/uyuni/client.go:280.17,282.4 1 0
github.com/mborodin/uyuni-operator/internal/uyuni/client.go:283.3,283.26 1 0
github.com/mborodin/uyuni-operator/internal/uyuni/client.go:287.2,288.51 2 0
github.com/mborodin/uyuni-operator/internal/uyuni/client.go:288.51,290.17 2 0
github.com/mborodin/uyuni-operator/internal/uyuni/client.go:290.17,292.4 1 0
github.com/mborodin/uyuni-operator/internal/uyuni/client.go:293.3,294.31 2 0
github.com/mborodin/uyuni-operator/internal/uyuni/client.go:295.8,297.3 1 0
github.com/mborodin/uyuni-operator/internal/uyuni/client.go:300.2,300.24 1 0
github.com/mborodin/uyuni-operator/internal/uyuni/client.go:300.24,303.39 2 0
github.com/mborodin/uyuni-operator/internal/uyuni/client.go:303.39,305.4 1 0
github.com/mborodin/uyuni-operator/internal/uyuni/client.go:306.3,306.84 1 0
github.com/mborodin/uyuni-operator/internal/uyuni/client.go:309.2,316.59 3 0
github.com/mborodin/uyuni-operator/internal/uyuni/client.go:316.59,319.39 2 0
github.com/mborodin/uyuni-operator/internal/uyuni/client.go:319.39,321.4 1 0
github.com/mborodin/uyuni-operator/internal/uyuni/client.go:322.3,322.64 1 0
github.com/mborodin/uyuni-operator/internal/uyuni/client.go:325.2,325.22 1 0
github.com/mborodin/uyuni-operator/internal/uyuni/client.go:325.22,327.3 1 0
github.com/mborodin/uyuni-operator/internal/uyuni/client.go:329.2,329.12 1 0
github.com/mborodin/uyuni-operator/internal/uyuni/client.go:333.79,337.39 3 0
github.com/mborodin/uyuni-operator/internal/uyuni/client.go:337.39,339.3 1 0
github.com/mborodin/uyuni-operator/internal/uyuni/client.go:342.2,346.16 3 0
github.com/mborodin/uyuni-operator/internal/uyuni/client.go:346.16,348.3 1 0
github.com/mborodin/uyuni-operator/internal/uyuni/client.go:351.2,352.16 2 0
github.com/mborodin/uyuni-operator/internal/uyuni/client.go:352.16,354.3 1 0
github.com/mborodin/uyuni-operator/internal/uyuni/client.go:357.2,364.16 6 0
github.com/mborodin/uyuni-operator/internal/uyuni/client.go:364.16,365.31 1 0
github.com/mborodin/uyuni-operator/internal/uyuni/client.go:365.31,366.49 1 0
github.com/mborodin/uyuni-operator/internal/uyuni/client.go:366.49,368.5 1 0
github.com/mborodin/uyuni-operator/internal/uyuni/client.go:369.4,374.34 6 0
github.com/mborodin/uyuni-operator/internal/uyuni/client.go:376.3,376.17 1 0
github.com/mborodin/uyuni-operator/internal/uyuni/client.go:376.17,378.4 1 0
github.com/mborodin/uyuni-operator/internal/uyuni/client.go:380.2,383.48 2 0
github.com/mborodin/uyuni-operator/internal/uyuni/client.go:383.48,385.48 2 0
github.com/mborodin/uyuni-operator/internal/uyuni/client.go:385.48,387.4 1 0
github.com/mborodin/uyuni-operator/internal/uyuni/client.go:388.3,394.17 7 0
github.com/mborodin/uyuni-operator/internal/uyuni/client.go:394.17,396.4 1 0
github.com/mborodin/uyuni-operator/internal/uyuni/client.go:397.3,397.26 1 0
github.com/mborodin/uyuni-operator/internal/uyuni/client.go:401.2,402.51 2 0
github.com/mborodin/uyuni-operator/internal/uyuni/client.go:402.51,404.17 2 0
github.com/mborodin/uyuni-operator/internal/uyuni/client.go:404.17,406.4 1 0
github.com/mborodin/uyuni-operator/internal/uyuni/client.go:407.3,408.31 2 0
github.com/mborodin/uyuni-operator/internal/uyuni/client.go:409.8,411.3 1 0
github.com/mborodin/uyuni-operator/internal/uyuni/client.go:414.2,414.24 1 0
github.com/mborodin/uyuni-operator/internal/uyuni/client.go:414.24,417.92 2 0
github.com/mborodin/uyuni-operator/internal/uyuni/client.go:417.92,419.4 1 0
github.com/mborodin/uyuni-operator/internal/uyuni/client.go:420.3,420.84 1 0
github.com/mborodin/uyuni-operator/internal/uyuni/client.go:423.2,430.59 3 0
github.com/mborodin/uyuni-operator/internal/uyuni/client.go:430.59,432.39 2 0
github.com/mborodin/uyuni-operator/internal/uyuni/client.go:432.39,434.4 1 0
github.com/mborodin/uyuni-operator/internal/uyuni/client.go:435.3,435.64 1 0
github.com/mborodin/uyuni-operator/internal/uyuni/client.go:438.2,438.22 1 0
github.com/mborodin/uyuni-operator/internal/uyuni/client.go:438.22,440.3 1 0
github.com/mborodin/uyuni-operator/internal/uyuni/client.go:442.2,442.12 1 0
github.com/mborodin/uyuni-operator/internal/uyuni/client.go:451.38,456.2 1 0
github.com/mborodin/uyuni-operator/internal/uyuni/client.go:461.54,463.34 2 0
github.com/mborodin/uyuni-operator/internal/uyuni/client.go:463.34,465.3 1 0
github.com/mborodin/uyuni-operator/internal/uyuni/client.go:467.2,467.55 1 0
github.com/mborodin/uyuni-operator/internal/uyuni/client.go:467.55,469.3 1 0
github.com/mborodin/uyuni-operator/internal/uyuni/client.go:470.2,470.51 1 0
github.com/mborodin/uyuni-operator/internal/uyuni/client.go:470.51,472.3 1 0
github.com/mborodin/uyuni-operator/internal/uyuni/client.go:473.2,473.12 1 0
github.com/mborodin/uyuni-operator/internal/uyuni/client.go:478.34,479.16 1 0
github.com/mborodin/uyuni-operator/internal/uyuni/client.go:479.16,481.3 1 0
github.com/mborodin/uyuni-operator/internal/uyuni/client.go:482.2,486.40 2 0
github.com/mborodin/uyuni-operator/internal/uyuni/client.go:486.40,488.3 1 0
github.com/mborodin/uyuni-operator/internal/uyuni/client.go:489.2,489.12 1 0
github.com/mborodin/uyuni-operator/internal/uyuni/client.go:667.72,669.16 2 0
github.com/mborodin/uyuni-operator/internal/uyuni/client.go:669.16,671.3 1 0
github.com/mborodin/uyuni-operator/internal/uyuni/client.go:672.2,672.15 1 0
github.com/mborodin/uyuni-operator/internal/uyuni/client.go:675.61,681.16 3 0
github.com/mborodin/uyuni-operator/internal/uyuni/client.go:681.16,683.3 1 0
github.com/mborodin/uyuni-operator/internal/uyuni/client.go:684.2,684.18 1 0
github.com/mborodin/uyuni-operator/internal/uyuni/client.go:691.101,695.16 3 0
github.com/mborodin/uyuni-operator/internal/uyuni/client.go:695.16,697.3 1 0
github.com/mborodin/uyuni-operator/internal/uyuni/client.go:698.2,699.9 2 0
github.com/mborodin/uyuni-operator/internal/uyuni/client.go:699.9,701.3 1 0
github.com/mborodin/uyuni-operator/internal/uyuni/client.go:702.2,702.37 1 0
github.com/mborodin/uyuni-operator/internal/uyuni/client.go:705.91,716.16 4 0
github.com/mborodin/uyuni-operator/internal/uyuni/client.go:716.16,718.3 1 0
github.com/mborodin/uyuni-operator/internal/uyuni/client.go:719.2,720.28 2 0
github.com/mborodin/uyuni-operator/internal/uyuni/client.go:720.28,722.17 2 0
github.com/mborodin/uyuni-operator/internal/uyuni/client.go:722.17,723.12 1 0
github.com/mborodin/uyuni-operator/internal/uyuni/client.go:725.3,725.30 1 0
github.com/mborodin/uyuni-operator/internal/uyuni/client.go:725.30,726.42 1 0
github.com/mborodin/uyuni-operator/internal/uyuni/client.go:726.42,728.5 1 0
github.com/mborodin/uyuni-operator/internal/uyuni/client.go:731.2,731.83 1 0
github.com/mborodin/uyuni-operator/internal/uyuni/client.go:734.109,736.26 2 0
github.com/mborodin/uyuni-operator/internal/uyuni/client.go:736.26,738.3 1 0
github.com/mborodin/uyuni-operator/internal/uyuni/client.go:739.2,739.25 1 0
github.com/mborodin/uyuni-operator/internal/uyuni/client.go:739.25,741.3 1 0
github.com/mborodin/uyuni-operator/internal/uyuni/client.go:742.2,746.16 2 0
github.com/mborodin/uyuni-operator/internal/uyuni/client.go:746.16,750.100 2 0
github.com/mborodin/uyuni-operator/internal/uyuni/client.go:750.100,752.28 1 0
github.com/mborodin/uyuni-operator/internal/uyuni/client.go:752.28,754.42 2 0
github.com/mborodin/uyuni-operator/internal/uyuni/client.go:754.42,756.6 1 0
github.com/mborodin/uyuni-operator/internal/uyuni/client.go:759.4,760.59 2 0
github.com/mborodin/uyuni-operator/internal/uyuni/client.go:760.59,762.51 2 0
github.com/mborodin/uyuni-operator/internal/uyuni/client.go:762.51,763.80 1 0
github.com/mborodin/uyuni-operator/internal/uyuni/client.go:763.80,765.7 1 0
github.com/mborodin/uyuni-operator/internal/uyuni/client.go:767.5,767.21 1 0
github.com/mborodin/uyuni-operator/internal/uyuni/client.go:767.21,769.6 1 0
github.com/mborodin/uyuni-operator/internal/uyuni/client.go:772.3,772.16 1 0
github.com/mborodin/uyuni-operator/internal/uyuni/client.go:774.2,774.16 1 0
github.com/mborodin/uyuni-operator/internal/uyuni/client.go:777.94,779.16 2 0
github.com/mborodin/uyuni-operator/internal/uyuni/client.go:779.16,781.3 1 0
github.com/mborodin/uyuni-operator/internal/uyuni/client.go:782.2,782.37 1 0
github.com/mborodin/uyuni-operator/internal/uyuni/client.go:785.99,787.25 2 0
github.com/mborodin/uyuni-operator/internal/uyuni/client.go:787.25,789.3 1 0
github.com/mborodin/uyuni-operator/internal/uyuni/client.go:790.2,790.27 1 0
github.com/mborodin/uyuni-operator/internal/uyuni/client.go:790.27,792.3 1 0
github.com/mborodin/uyuni-operator/internal/uyuni/client.go:793.2,797.12 2 0
github.com/mborodin/uyuni-operator/internal/uyuni/client.go:800.96,805.16 3 0
github.com/mborodin/uyuni-operator/internal/uyuni/client.go:805.16,807.3 1 0
github.com/mborodin/uyuni-operator/internal/uyuni/client.go:808.2,809.26 2 0
github.com/mborodin/uyuni-operator/internal/uyuni/client.go:809.26,811.3 1 0
github.com/mborodin/uyuni-operator/internal/uyuni/client.go:812.2,812.20 1 0
github.com/mborodin/uyuni-operator/internal/uyuni/client.go:815.107,821.2 2 0
github.com/mborodin/uyuni-operator/internal/uyuni/client.go:823.118,830.2 2 0
github.com/mborodin/uyuni-operator/internal/uyuni/client.go:832.72,837.35 3 0
github.com/mborodin/uyuni-operator/internal/uyuni/client.go:837.35,839.3 1 0
github.com/mborodin/uyuni-operator/internal/uyuni/client.go:844.2,844.72 1 0
github.com/mborodin/uyuni-operator/internal/uyuni/client.go:844.72,846.3 1 0
github.com/mborodin/uyuni-operator/internal/uyuni/client.go:847.2,847.12 1 0
github.com/mborodin/uyuni-operator/internal/uyuni/client.go:850.94,854.16 2 0
github.com/mborodin/uyuni-operator/internal/uyuni/client.go:854.16,856.3 1 0
github.com/mborodin/uyuni-operator/internal/uyuni/client.go:857.2,857.15 1 0
github.com/mborodin/uyuni-operator/internal/uyuni/client.go:860.95,866.2 2 0
github.com/mborodin/uyuni-operator/internal/uyuni/client.go:868.91,874.2 2 0
github.com/mborodin/uyuni-operator/internal/uyuni/client.go:878.90,880.2 1 0
github.com/mborodin/uyuni-operator/internal/uyuni/client.go:882.92,888.2 2 0
github.com/mborodin/uyuni-operator/internal/uyuni/client.go:890.92,896.2 2 0
github.com/mborodin/uyuni-operator/internal/uyuni/client.go:898.79,903.2 2 0
github.com/mborodin/uyuni-operator/internal/uyuni/client.go:907.70,909.2 1 0
github.com/mborodin/uyuni-operator/internal/uyuni/client.go:911.89,913.2 1 0
github.com/mborodin/uyuni-operator/internal/uyuni/client.go:915.96,922.24 1 0
github.com/mborodin/uyuni-operator/internal/uyuni/client.go:922.24,924.3 1 0
github.com/mborodin/uyuni-operator/internal/uyuni/client.go:928.2,932.12 2 0
github.com/mborodin/uyuni-operator/internal/uyuni/client.go:935.114,942.2 1 0
github.com/mborodin/uyuni-operator/internal/uyuni/client.go:944.117,945.17 1 0
github.com/mborodin/uyuni-operator/internal/uyuni/client.go:945.17,947.3 1 0
github.com/mborodin/uyuni-operator/internal/uyuni/client.go:948.2,953.12 2 0
github.com/mborodin/uyuni-operator/internal/uyuni/client.go:958.91,960.2 1 0
github.com/mborodin/uyuni-operator/internal/uyuni/client.go:962.96,967.2 1 0
github.com/mborodin/uyuni-operator/internal/uyuni/client.go:969.141,978.2 1 0
github.com/mborodin/uyuni-operator/internal/uyuni/client.go:983.94,985.16 2 0
github.com/mborodin/uyuni-operator/internal/uyuni/client.go:985.16,986.22 1 0
github.com/mborodin/uyuni-operator/internal/uyuni/client.go:986.22,988.4 1 0
github.com/mborodin/uyuni-operator/internal/uyuni/client.go:989.3,989.17 1 0
github.com/mborodin/uyuni-operator/internal/uyuni/client.go:991.2,991.21 1 0
github.com/mborodin/uyuni-operator/internal/uyuni/client.go:996.99,998.16 2 0
github.com/mborodin/uyuni-operator/internal/uyuni/client.go:998.16,1000.3 1 0
github.com/mborodin/uyuni-operator/internal/uyuni/client.go:1001.2,1002.26 2 0
github.com/mborodin/uyuni-operator/internal/uyuni/client.go:1002.26,1004.3 1 0
github.com/mborodin/uyuni-operator/internal/uyuni/client.go:1005.2,1005.20 1 0
github.com/mborodin/uyuni-operator/internal/uyuni/client.go:1008.88,1014.2 2 0
github.com/mborodin/uyuni-operator/internal/uyuni/client.go:1016.93,1022.2 2 0
github.com/mborodin/uyuni-operator/internal/uyuni/client.go:1024.88,1026.2 1 0
github.com/mborodin/uyuni-operator/internal/uyuni/client.go:1028.99,1033.2 1 0
github.com/mborodin/uyuni-operator/internal/uyuni/client.go:1035.95,1041.2 2 0
github.com/mborodin/uyuni-operator/internal/uyuni/client.go:1043.56,1055.2 1 0
github.com/mborodin/uyuni-operator/internal/uyuni/client.go:1061.112,1066.16 2 0
github.com/mborodin/uyuni-operator/internal/uyuni/client.go:1066.16,1068.3 1 0
github.com/mborodin/uyuni-operator/internal/uyuni/client.go:1069.2,1069.36 1 0
github.com/mborodin/uyuni-operator/internal/uyuni/client.go:1072.96,1074.16 2 0
github.com/mborodin/uyuni-operator/internal/uyuni/client.go:1074.16,1076.3 1 0
github.com/mborodin/uyuni-operator/internal/uyuni/client.go:1077.2,1077.36 1 0
github.com/mborodin/uyuni-operator/internal/uyuni/client.go:1080.100,1086.2 2 0
github.com/mborodin/uyuni-operator/internal/uyuni/client.go:1088.76,1093.2 2 0
github.com/mborodin/uyuni-operator/internal/uyuni/client.go:1095.86,1100.16 3 0
github.com/mborodin/uyuni-operator/internal/uyuni/client.go:1100.16,1102.3 1 0
github.com/mborodin/uyuni-operator/internal/uyuni/client.go:1103.2,1104.25 2 0
github.com/mborodin/uyuni-operator/internal/uyuni/client.go:1104.25,1106.3 1 0
github.com/mborodin/uyuni-operator/internal/uyuni/client.go:1107.2,1107.17 1 0
github.com/mborodin/uyuni-operator/internal/uyuni/client.go:1110.93,1117.2 2 0
github.com/mborodin/uyuni-operator/internal/uyuni/client.go:1119.98,1126.2 2 0
github.com/mborodin/uyuni-operator/internal/uyuni/client.go:1128.107,1134.2 2 0
github.com/mborodin/uyuni-operator/internal/uyuni/client.go:1136.111,1142.2 2 0
github.com/mborodin/uyuni-operator/internal/uyuni/client.go:1144.65,1151.2 1 0
github.com/mborodin/uyuni-operator/internal/uyuni/client.go:1157.100,1162.25 2 0
github.com/mborodin/uyuni-operator/internal/uyuni/client.go:1162.25,1164.3 1 0
github.com/mborodin/uyuni-operator/internal/uyuni/client.go:1165.2,1172.23 2 0
github.com/mborodin/uyuni-operator/internal/uyuni/client.go:1172.23,1174.3 1 0
github.com/mborodin/uyuni-operator/internal/uyuni/client.go:1175.2,1176.16 2 0
github.com/mborodin/uyuni-operator/internal/uyuni/client.go:1176.16,1178.3 1 0
github.com/mborodin/uyuni-operator/internal/uyuni/client.go:1179.2,1179.17 1 0
github.com/mborodin/uyuni-operator/internal/uyuni/client.go:1182.99,1184.16 2 0
github.com/mborodin/uyuni-operator/internal/uyuni/client.go:1184.16,1186.3 1 0
github.com/mborodin/uyuni-operator/internal/uyuni/client.go:1187.2,1187.33 1 0
github.com/mborodin/uyuni-operator/internal/uyuni/client.go:1190.77,1195.2 2 0
github.com/mborodin/uyuni-operator/internal/uyuni/client.go:1197.105,1205.22 2 0
github.com/mborodin/uyuni-operator/internal/uyuni/client.go:1205.22,1207.3 1 0
github.com/mborodin/uyuni-operator/internal/uyuni/client.go:1207.8,1209.3 1 0
github.com/mborodin/uyuni-operator/internal/uyuni/client.go:1210.2,1210.27 1 0
github.com/mborodin/uyuni-operator/internal/uyuni/client.go:1210.27,1212.3 1 0
github.com/mborodin/uyuni-operator/internal/uyuni/client.go:1213.2,1217.12 2 0
github.com/mborodin/uyuni-operator/internal/uyuni/client.go:1220.109,1226.2 2 0
github.com/mborodin/uyuni-operator/internal/uyuni/client.go:1228.112,1234.2 2 0
github.com/mborodin/uyuni-operator/internal/uyuni/client.go:1236.91,1242.2 2 0
github.com/mborodin/uyuni-operator/internal/uyuni/client.go:1244.94,1250.2 2 0
github.com/mborodin/uyuni-operator/internal/uyuni/client.go:1252.112,1258.2 2 0
github.com/mborodin/uyuni-operator/internal/uyuni/client.go:1260.96,1263.16 2 0
github.com/mborodin/uyuni-operator/internal/uyuni/client.go:1263.16,1265.3 1 0
github.com/mborodin/uyuni-operator/internal/uyuni/client.go:1266.2,1266.38 1 0
github.com/mborodin/uyuni-operator/internal/uyuni/client.go:1266.38,1270.18 1 0
github.com/mborodin/uyuni-operator/internal/uyuni/client.go:1270.18,1272.4 1 0
github.com/mborodin/uyuni-operator/internal/uyuni/client.go:1274.2,1274.23 1 0
github.com/mborodin/uyuni-operator/internal/uyuni/client.go:1274.23,1278.18 1 0
github.com/mborodin/uyuni-operator/internal/uyuni/client.go:1278.18,1280.4 1 0
github.com/mborodin/uyuni-operator/internal/uyuni/client.go:1282.2,1282.12 1 0
github.com/mborodin/uyuni-operator/internal/uyuni/client.go:1285.66,1299.2 1 0
github.com/mborodin/uyuni-operator/internal/uyuni/client.go:1305.80,1321.2 2 0
github.com/mborodin/uyuni-operator/internal/uyuni/client.go:1323.89,1325.16 2 0
github.com/mborodin/uyuni-operator/internal/uyuni/client.go:1325.16,1327.3 1 0
github.com/mborodin/uyuni-operator/internal/uyuni/client.go:1328.2,1328.38 1 0
github.com/mborodin/uyuni-operator/internal/uyuni/client.go:1335.89,1337.16 2 0
github.com/mborodin/uyuni-operator/internal/uyuni/client.go:1337.16,1339.3 1 0
github.com/mborodin/uyuni-operator/internal/uyuni/client.go:1340.2,1340.23 1 0
github.com/mborodin/uyuni-operator/internal/uyuni/client.go:1343.89,1345.16 2 0
github.com/mborodin/uyuni-operator/internal/uyuni/client.go:1345.16,1347.3 1 0
github.com/mborodin/uyuni-operator/internal/uyuni/client.go:1348.2,1361.12 2 0
github.com/mborodin/uyuni-operator/internal/uyuni/client.go:1364.73,1369.2 2 0
github.com/mborodin/uyuni-operator/internal/uyuni/client.go:1371.109,1377.2 2 0
github.com/mborodin/uyuni-operator/internal/uyuni/client.go:1379.88,1384.16 3 0
github.com/mborodin/uyuni-operator/internal/uyuni/client.go:1384.16,1386.3 1 0
github.com/mborodin/uyuni-operator/internal/uyuni/client.go:1387.2,1388.25 2 0
github.com/mborodin/uyuni-operator/internal/uyuni/client.go:1388.25,1390.3 1 0
github.com/mborodin/uyuni-operator/internal/uyuni/client.go:1391.2,1391.17 1 0
github.com/mborodin/uyuni-operator/internal/uyuni/client.go:1394.91,1400.2 2 0
github.com/mborodin/uyuni-operator/internal/uyuni/client.go:1402.94,1408.2 2 0
github.com/mborodin/uyuni-operator/internal/uyuni/client.go:1410.98,1416.2 2 0
github.com/mborodin/uyuni-operator/internal/uyuni/client.go:1418.81,1423.2 2 0
github.com/mborodin/uyuni-operator/internal/uyuni/client.go:1425.118,1431.50 2 0
github.com/mborodin/uyuni-operator/internal/uyuni/client.go:1431.50,1435.3 3 0
github.com/mborodin/uyuni-operator/internal/uyuni/client.go:1436.2,1437.16 2 0
github.com/mborodin/uyuni-operator/internal/uyuni/client.go:1437.16,1439.3 1 0
github.com/mborodin/uyuni-operator/internal/uyuni/client.go:1440.2,1440.41 1 0
github.com/mborodin/uyuni-operator/internal/uyuni/client.go:1443.83,1445.16 2 0
github.com/mborodin/uyuni-operator/internal/uyuni/client.go:1445.16,1447.3 1 0
github.com/mborodin/uyuni-operator/internal/uyuni/client.go:1448.2,1448.35 1 0
github.com/mborodin/uyuni-operator/internal/uyuni/client.go:1451.82,1457.2 2 0
github.com/mborodin/uyuni-operator/internal/uyuni/client.go:1459.70,1464.2 2 0
github.com/mborodin/uyuni-operator/internal/uyuni/client.go:1466.59,1482.2 1 0
github.com/mborodin/uyuni-operator/internal/uyuni/client.go:1484.50,1492.2 1 0
github.com/mborodin/uyuni-operator/internal/uyuni/client.go:1498.133,1505.16 2 0
github.com/mborodin/uyuni-operator/internal/uyuni/client.go:1505.16,1507.3 1 0
github.com/mborodin/uyuni-operator/internal/uyuni/client.go:1508.2,1508.41 1 0
github.com/mborodin/uyuni-operator/internal/uyuni/client.go:1511.101,1513.16 2 0
github.com/mborodin/uyuni-operator/internal/uyuni/client.go:1513.16,1515.3 1 0
github.com/mborodin/uyuni-operator/internal/uyuni/client.go:1516.2,1516.41 1 0
github.com/mborodin/uyuni-operator/internal/uyuni/client.go:1519.98,1526.2 2 0
github.com/mborodin/uyuni-operator/internal/uyuni/client.go:1528.79,1533.2 2 0
github.com/mborodin/uyuni-operator/internal/uyuni/client.go:1535.105,1537.16 2 0
github.com/mborodin/uyuni-operator/internal/uyuni/client.go:1537.16,1539.3 1 0
github.com/mborodin/uyuni-operator/internal/uyuni/client.go:1540.2,1541.25 2 0
github.com/mborodin/uyuni-operator/internal/uyuni/client.go:1541.25,1543.3 1 0
github.com/mborodin/uyuni-operator/internal/uyuni/client.go:1544.2,1544.17 1 0
github.com/mborodin/uyuni-operator/internal/uyuni/client.go:1547.108,1553.16 2 0
github.com/mborodin/uyuni-operator/internal/uyuni/client.go:1553.16,1555.3 1 0
github.com/mborodin/uyuni-operator/internal/uyuni/client.go:1556.2,1556.41 1 0
github.com/mborodin/uyuni-operator/internal/uyuni/client.go:1559.133,1566.24 2 0
github.com/mborodin/uyuni-operator/internal/uyuni/client.go:1566.24,1568.3 1 0
github.com/mborodin/uyuni-operator/internal/uyuni/client.go:1569.2,1569.13 1 0
github.com/mborodin/uyuni-operator/internal/uyuni/client.go:1569.13,1571.3 1 0
github.com/mborodin/uyuni-operator/internal/uyuni/client.go:1572.2,1572.24 1 0
github.com/mborodin/uyuni-operator/internal/uyuni/client.go:1572.24,1574.3 1 0
github.com/mborodin/uyuni-operator/internal/uyuni/client.go:1576.2,1584.16 3 0
github.com/mborodin/uyuni-operator/internal/uyuni/client.go:1584.16,1586.3 1 0
github.com/mborodin/uyuni-operator/internal/uyuni/client.go:1587.2,1587.41 1 0
github.com/mborodin/uyuni-operator/internal/uyuni/client.go:1590.89,1596.2 2 0
github.com/mborodin/uyuni-operator/internal/uyuni/client.go:1598.74,1606.2 1 0
github.com/mborodin/uyuni-operator/internal/uyuni/client.go:1608.68,1622.2 1 0
github.com/mborodin/uyuni-operator/internal/uyuni/client.go:1628.111,1638.16 2 0
github.com/mborodin/uyuni-operator/internal/uyuni/client.go:1638.16,1640.3 1 0
github.com/mborodin/uyuni-operator/internal/uyuni/client.go:1641.2,1641.38 1 0
github.com/mborodin/uyuni-operator/internal/uyuni/client.go:1644.92,1646.16 2 0
github.com/mborodin/uyuni-operator/internal/uyuni/client.go:1646.16,1648.3 1 0
github.com/mborodin/uyuni-operator/internal/uyuni/client.go:1649.2,1649.38 1 0
github.com/mborodin/uyuni-operator/internal/uyuni/client.go:1652.92,1661.2 2 0
github.com/mborodin/uyuni-operator/internal/uyuni/client.go:1663.73,1668.60 1 0
github.com/mborodin/uyuni-operator/internal/uyuni/client.go:1668.60,1670.3 1 0
github.com/mborodin/uyuni-operator/internal/uyuni/client.go:1671.2,1671.75 1 0
github.com/mborodin/uyuni-operator/internal/uyuni/client.go:1674.104,1676.16 2 0
github.com/mborodin/uyuni-operator/internal/uyuni/client.go:1676.16,1678.3 1 0
github.com/mborodin/uyuni-operator/internal/uyuni/client.go:1680.2,1684.25 4 0
github.com/mborodin/uyuni-operator/internal/uyuni/client.go:1684.25,1690.3 3 0
github.com/mborodin/uyuni-operator/internal/uyuni/client.go:1692.2,1692.17 1 0
github.com/mborodin/uyuni-operator/internal/uyuni/client.go:1695.93,1697.2 1 0
github.com/mborodin/uyuni-operator/internal/uyuni/client.go:1699.119,1710.16 4 0
github.com/mborodin/uyuni-operator/internal/uyuni/client.go:1710.16,1713.3 2 0
github.com/mborodin/uyuni-operator/internal/uyuni/client.go:1714.2,1715.12 2 0
github.com/mborodin/uyuni-operator/internal/uyuni/client.go:1718.93,1728.16 4 0
github.com/mborodin/uyuni-operator/internal/uyuni/client.go:1728.16,1731.3 2 0
github.com/mborodin/uyuni-operator/internal/uyuni/client.go:1732.2,1733.12 2 0
github.com/mborodin/uyuni-operator/internal/uyuni/client.go:1736.118,1738.16 2 0
github.com/mborodin/uyuni-operator/internal/uyuni/client.go:1738.16,1740.3 1 0
github.com/mborodin/uyuni-operator/internal/uyuni/client.go:1741.2,1742.25 2 0
github.com/mborodin/uyuni-operator/internal/uyuni/client.go:1742.25,1752.3 1 0
github.com/mborodin/uyuni-operator/internal/uyuni/client.go:1753.2,1753.17 1 0
github.com/mborodin/uyuni-operator/internal/uyuni/client.go:1756.123,1763.23 2 0
github.com/mborodin/uyuni-operator/internal/uyuni/client.go:1763.23,1765.3 1 0
github.com/mborodin/uyuni-operator/internal/uyuni/client.go:1766.2,1767.12 2 0
github.com/mborodin/uyuni-operator/internal/uyuni/client.go:1770.113,1778.2 2 0
github.com/mborodin/uyuni-operator/internal/uyuni/client.go:1780.113,1789.67 2 0
github.com/mborodin/uyuni-operator/internal/uyuni/client.go:1789.67,1791.3 1 0
github.com/mborodin/uyuni-operator/internal/uyuni/client.go:1791.8,1791.23 1 0
github.com/mborodin/uyuni-operator/internal/uyuni/client.go:1791.23,1793.21 2 0
github.com/mborodin/uyuni-operator/internal/uyuni/client.go:1793.21,1795.27 2 0
github.com/mborodin/uyuni-operator/internal/uyuni/client.go:1795.27,1796.28 1 0
github.com/mborodin/uyuni-operator/internal/uyuni/client.go:1796.28,1798.11 2 0
github.com/mborodin/uyuni-operator/internal/uyuni/client.go:1801.4,1801.14 1 0
github.com/mborodin/uyuni-operator/internal/uyuni/client.go:1801.14,1803.5 1 0
github.com/mborodin/uyuni-operator/internal/uyuni/client.go:1808.2,1816.16 5 0
github.com/mborodin/uyuni-operator/internal/uyuni/client.go:1816.16,1818.3 1 0
github.com/mborodin/uyuni-operator/internal/uyuni/client.go:1818.8,1820.3 1 0
github.com/mborodin/uyuni-operator/internal/uyuni/client.go:1821.2,1821.12 1 0
github.com/mborodin/uyuni-operator/internal/uyuni/client.go:1824.76,1826.16 2 0
github.com/mborodin/uyuni-operator/internal/uyuni/client.go:1826.16,1828.3 1 0
github.com/mborodin/uyuni-operator/internal/uyuni/client.go:1829.2,1829.40 1 0
github.com/mborodin/uyuni-operator/internal/uyuni/client.go:1832.136,1843.16 2 0
github.com/mborodin/uyuni-operator/internal/uyuni/client.go:1843.16,1845.3 1 0
github.com/mborodin/uyuni-operator/internal/uyuni/client.go:1846.2,1847.16 2 0
github.com/mborodin/uyuni-operator/internal/uyuni/client.go:1850.114,1862.2 2 0
github.com/mborodin/uyuni-operator/internal/uyuni/client.go:1864.66,1869.2 2 0
github.com/mborodin/uyuni-operator/internal/uyuni/client.go:1871.87,1877.2 2 0
github.com/mborodin/uyuni-operator/internal/uyuni/client.go:1879.87,1885.2 2 0
github.com/mborodin/uyuni-operator/internal/uyuni/client.go:1887.108,1889.16 2 0
github.com/mborodin/uyuni-operator/internal/uyuni/client.go:1889.16,1891.3 1 0
github.com/mborodin/uyuni-operator/internal/uyuni/client.go:1892.2,1892.18 1 0
github.com/mborodin/uyuni-operator/internal/uyuni/client.go:1895.90,1897.16 2 0
github.com/mborodin/uyuni-operator/internal/uyuni/client.go:1897.16,1899.3 1 0
github.com/mborodin/uyuni-operator/internal/uyuni/client.go:1900.2,1900.20 1 0
github.com/mborodin/uyuni-operator/internal/uyuni/client.go:1903.88,1909.2 2 0
github.com/mborodin/uyuni-operator/internal/uyuni/client.go:1911.91,1917.2 2 0
github.com/mborodin/uyuni-operator/internal/uyuni/client.go:1919.59,1926.2 1 0
github.com/mborodin/uyuni-operator/internal/uyuni/client.go:1928.55,1940.2 1 0
github.com/mborodin/uyuni-operator/internal/uyuni/client.go:1942.62,1944.25 2 0
github.com/mborodin/uyuni-operator/internal/uyuni/client.go:1944.25,1946.3 1 0
github.com/mborodin/uyuni-operator/internal/uyuni/client.go:1947.2,1947.12 1 0
github.com/mborodin/uyuni-operator/internal/uyuni/client.go:1959.104,1965.30 2 0
github.com/mborodin/uyuni-operator/internal/uyuni/client.go:1965.30,1967.3 1 0
github.com/mborodin/uyuni-operator/internal/uyuni/client.go:1968.2,1969.12 2 0
github.com/mborodin/uyuni-operator/internal/uyuni/client.go:1972.95,1974.16 2 0
github.com/mborodin/uyuni-operator/internal/uyuni/client.go:1974.16,1976.3 1 0
github.com/mborodin/uyuni-operator/internal/uyuni/client.go:1977.2,1981.8 1 0
github.com/mborodin/uyuni-operator/internal/uyuni/client.go:1984.93,1986.30 2 0
github.com/mborodin/uyuni-operator/internal/uyuni/client.go:1986.30,1989.3 2 0
github.com/mborodin/uyuni-operator/internal/uyuni/client.go:1990.2,1994.12 2 0
github.com/mborodin/uyuni-operator/internal/uyuni/client.go:1997.76,2002.2 2 0
github.com/mborodin/uyuni-operator/internal/uyuni/client.go:2004.117,2018.17 1 0
github.com/mborodin/uyuni-operator/internal/uyuni/client.go:2018.17,2020.3 1 0
github.com/mborodin/uyuni-operator/internal/uyuni/client.go:2021.2,2021.25 1 0
github.com/mborodin/uyuni-operator/internal/uyuni/client.go:2021.25,2025.18 1 0
github.com/mborodin/uyuni-operator/internal/uyuni/client.go:2025.18,2027.4 1 0
github.com/mborodin/uyuni-operator/internal/uyuni/client.go:2029.2,2029.12 1 0
github.com/mborodin/uyuni-operator/internal/uyuni/client.go:2032.99,2034.16 2 0
github.com/mborodin/uyuni-operator/internal/uyuni/client.go:2034.16,2036.3 1 0
github.com/mborodin/uyuni-operator/internal/uyuni/client.go:2037.2,2044.8 1 0
github.com/mborodin/uyuni-operator/internal/uyuni/client.go:2047.102,2054.2 2 0
github.com/mborodin/uyuni-operator/internal/uyuni/client.go:2056.78,2061.2 2 0
github.com/mborodin/uyuni-operator/internal/uyuni/client.go:2063.138,2072.2 1 0
github.com/mborodin/uyuni-operator/internal/uyuni/client.go:2074.91,2076.2 1 0
github.com/mborodin/uyuni-operator/internal/uyuni/client.go:2094.91,2096.16 2 0
github.com/mborodin/uyuni-operator/internal/uyuni/client.go:2096.16,2098.3 1 0
github.com/mborodin/uyuni-operator/internal/uyuni/client.go:2099.2,2103.28 2 0
github.com/mborodin/uyuni-operator/internal/uyuni/client.go:2103.28,2105.3 1 0
github.com/mborodin/uyuni-operator/internal/uyuni/client.go:2106.2,2106.15 1 0
github.com/mborodin/uyuni-operator/internal/uyuni/client.go:2114.71,2116.16 2 0
github.com/mborodin/uyuni-operator/internal/uyuni/client.go:2116.16,2118.3 1 0
github.com/mborodin/uyuni-operator/internal/uyuni/client.go:2119.2,2120.27 2 0
github.com/mborodin/uyuni-operator/internal/uyuni/client.go:2120.27,2127.3 1 0
github.com/mborodin/uyuni-operator/internal/uyuni/client.go:2128.2,2128.17 1 0
github.com/mborodin/uyuni-operator/internal/uyuni/client.go:2140.118,2146.2 1 0
github.com/mborodin/uyuni-operator/internal/uyuni/client.go:2148.160,2157.2 1 0
github.com/mborodin/uyuni-operator/internal/uyuni/client.go:2159.104,2164.2 1 0
github.com/mborodin/uyuni-operator/internal/uyuni/client.go:2166.134,2172.2 1 0
github.com/mborodin/uyuni-operator/internal/uyuni/client.go:2174.117,2179.2 1 0
github.com/mborodin/uyuni-operator/internal/uyuni/client.go:2189.96,2191.16 2 0
github.com/mborodin/uyuni-operator/internal/uyuni/client.go:2191.16,2193.3 1 0
github.com/mborodin/uyuni-operator/internal/uyuni/client.go:2194.2,2194.21 1 0
github.com/mborodin/uyuni-operator/internal/uyuni/client.go:2194.21,2196.3 1 0
github.com/mborodin/uyuni-operator/internal/uyuni/client.go:2197.2,2198.16 2 0
github.com/mborodin/uyuni-operator/internal/uyuni/client.go:2198.16,2200.3 1 0
github.com/mborodin/uyuni-operator/internal/uyuni/client.go:2201.2,2201.25 1 0
github.com/mborodin/uyuni-operator/internal/uyuni/client.go:2201.25,2203.3 1 0
github.com/mborodin/uyuni-operator/internal/uyuni/client.go:2204.2,2205.16 2 0
github.com/mborodin/uyuni-operator/internal/uyuni/client.go:2205.16,2207.3 1 0
github.com/mborodin/uyuni-operator/internal/uyuni/client.go:2208.2,2208.24 1 0
github.com/mborodin/uyuni-operator/internal/uyuni/client.go:2208.24,2210.3 1 0
github.com/mborodin/uyuni-operator/internal/uyuni/client.go:2212.2,2212.63 1 0
github.com/mborodin/uyuni-operator/internal/uyuni/client.go:2220.100,2228.4 2 0
github.com/mborodin/uyuni-operator/internal/uyuni/client.go:2228.4,2230.17 2 0
github.com/mborodin/uyuni-operator/internal/uyuni/client.go:2230.17,2232.4 1 0
github.com/mborodin/uyuni-operator/internal/uyuni/client.go:2233.3,2233.26 1 0
github.com/mborodin/uyuni-operator/internal/uyuni/client.go:2233.26,2240.4 1 0
github.com/mborodin/uyuni-operator/internal/uyuni/client.go:2242.2,2242.17 1 0
github.com/mborodin/uyuni-operator/internal/uyuni/client.go:2245.72,2250.2 2 0
github.com/mborodin/uyuni-operator/internal/uyuni/client.go:2261.150,2272.16 2 0
github.com/mborodin/uyuni-operator/internal/uyuni/client.go:2272.16,2274.3 1 0
github.com/mborodin/uyuni-operator/internal/uyuni/client.go:2275.2,2275.18 1 0
github.com/mborodin/uyuni-operator/internal/uyuni/client.go:2278.88,2280.16 2 0
github.com/mborodin/uyuni-operator/internal/uyuni/client.go:2280.16,2282.3 1 0
github.com/mborodin/uyuni-operator/internal/uyuni/client.go:2283.2,2283.49 1 0
github.com/mborodin/uyuni-operator/internal/uyuni/client.go:2286.95,2288.16 2 0
github.com/mborodin/uyuni-operator/internal/uyuni/client.go:2288.16,2290.3 1 0
github.com/mborodin/uyuni-operator/internal/uyuni/client.go:2291.2,2291.49 1 0
github.com/mborodin/uyuni-operator/internal/uyuni/client.go:2294.89,2300.2 2 0
github.com/mborodin/uyuni-operator/internal/uyuni/client.go:2302.72,2307.2 2 0
github.com/mborodin/uyuni-operator/internal/uyuni/client.go:2321.66,2333.2 1 0
github.com/mborodin/uyuni-operator/internal/uyuni/client.go:2335.87,2345.2 2 0
github.com/mborodin/uyuni-operator/internal/uyuni/client.go:2347.99,2349.16 2 0
github.com/mborodin/uyuni-operator/internal/uyuni/client.go:2349.16,2351.3 1 0
github.com/mborodin/uyuni-operator/internal/uyuni/client.go:2352.2,2352.35 1 0
github.com/mborodin/uyuni-operator/internal/uyuni/client.go:2355.101,2365.2 2 0
github.com/mborodin/uyuni-operator/internal/uyuni/client.go:2367.78,2372.2 2 0
github.com/mborodin/uyuni-operator/internal/uyuni/client.go:2399.53,2401.2 1 0
github.com/mborodin/uyuni-operator/internal/uyuni/client.go:2403.63,2404.67 1 0
github.com/mborodin/uyuni-operator/internal/uyuni/client.go:2404.67,2406.14 2 0
github.com/mborodin/uyuni-operator/internal/uyuni/client.go:2406.14,2408.4 1 0
github.com/mborodin/uyuni-operator/internal/uyuni/client.go:2409.3,2409.19 1 0
github.com/mborodin/uyuni-operator/internal/uyuni/client.go:2411.2,2411.20 1 0
github.com/mborodin/uyuni-operator/internal/uyuni/client.go:2414.83,2424.2 2 0
github.com/mborodin/uyuni-operator/internal/uyuni/client.go:2426.83,2435.2 2 0
github.com/mborodin/uyuni-operator/internal/uyuni/client.go:2437.89,2439.16 2 0
github.com/mborodin/uyuni-operator/internal/uyuni/client.go:2439.16,2441.3 1 0
github.com/mborodin/uyuni-operator/internal/uyuni/client.go:2442.2,2447.8 1 0
github.com/mborodin/uyuni-operator/internal/uyuni/client.go:2450.73,2455.2 2 0
github.com/mborodin/uyuni-operator/internal/uyuni/client.go:2457.107,2464.2 2 0
github.com/mborodin/uyuni-operator/internal/uyuni/client.go:2466.95,2471.16 3 0
github.com/mborodin/uyuni-operator/internal/uyuni/client.go:2471.16,2473.3 1 0
github.com/mborodin/uyuni-operator/internal/uyuni/client.go:2474.2,2475.26 2 0
github.com/mborodin/uyuni-operator/internal/uyuni/client.go:2475.26,2477.3 1 0
github.com/mborodin/uyuni-operator/internal/uyuni/client.go:2478.2,2478.17 1 0
github.com/mborodin/uyuni-operator/internal/uyuni/client.go:2481.103,2487.2 2 0
github.com/mborodin/uyuni-operator/internal/uyuni/client.go:2489.100,2491.16 2 0
github.com/mborodin/uyuni-operator/internal/uyuni/client.go:2491.16,2493.3 1 0
github.com/mborodin/uyuni-operator/internal/uyuni/client.go:2494.2,2494.15 1 0
github.com/mborodin/uyuni-operator/internal/uyuni/client.go:2497.92,2505.2 2 0
github.com/mborodin/uyuni-operator/internal/uyuni/client.go:2507.100,2515.2 2 0
github.com/mborodin/uyuni-operator/internal/uyuni/client.go:2517.100,2527.16 2 0
github.com/mborodin/uyuni-operator/internal/uyuni/client.go:2527.16,2529.3 1 0
github.com/mborodin/uyuni-operator/internal/uyuni/client.go:2530.2,2530.24 1 0
github.com/mborodin/uyuni-operator/internal/uyuni/client.go:2533.97,2535.16 2 0
github.com/mborodin/uyuni-operator/internal/uyuni/client.go:2535.16,2537.3 1 0
github.com/mborodin/uyuni-operator/internal/uyuni/client.go:2538.2,2539.26 2 0
github.com/mborodin/uyuni-operator/internal/uyuni/client.go:2539.26,2551.3 2 0
github.com/mborodin/uyuni-operator/internal/uyuni/client.go:2552.2,2552.17 1 0
github.com/mborodin/uyuni-operator/internal/uyuni/client.go:2555.93,2561.2 2 0
github.com/mborodin/uyuni-operator/internal/controller/activationkey_controller.go:32.105,34.60 2 0
github.com/mborodin/uyuni-operator/internal/controller/activationkey_controller.go:34.60,36.3 1 0
github.com/mborodin/uyuni-operator/internal/controller/activationkey_controller.go:38.2,38.36 1 0
github.com/mborodin/uyuni-operator/internal/controller/activationkey_controller.go:38.36,40.3 1 0
github.com/mborodin/uyuni-operator/internal/controller/activationkey_controller.go:42.2,43.16 2 0
github.com/mborodin/uyuni-operator/internal/controller/activationkey_controller.go:43.16,45.3 1 0
github.com/mborodin/uyuni-operator/internal/controller/activationkey_controller.go:47.2,47.39 1 0
github.com/mborodin/uyuni-operator/internal/controller/activationkey_controller.go:47.39,49.3 1 0
github.com/mborodin/uyuni-operator/internal/controller/activationkey_controller.go:51.2,51.108 1 0
github.com/mborodin/uyuni-operator/internal/controller/activationkey_controller.go:51.108,53.3 1 0
github.com/mborodin/uyuni-operator/internal/controller/activationkey_controller.go:57.2,63.16 2 0
github.com/mborodin/uyuni-operator/internal/controller/activationkey_controller.go:63.16,65.3 1 0
github.com/mborodin/uyuni-operator/internal/controller/activationkey_controller.go:66.2,66.25 1 0
github.com/mborodin/uyuni-operator/internal/controller/activationkey_controller.go:66.25,73.3 2 0
github.com/mborodin/uyuni-operator/internal/controller/activationkey_controller.go:74.2,74.26 1 0
github.com/mborodin/uyuni-operator/internal/controller/activationkey_controller.go:74.26,77.53 2 0
github.com/mborodin/uyuni-operator/internal/controller/activationkey_controller.go:77.53,79.4 1 0
github.com/mborodin/uyuni-operator/internal/controller/activationkey_controller.go:80.3,80.58 1 0
github.com/mborodin/uyuni-operator/internal/controller/activationkey_controller.go:85.2,85.107 1 0
github.com/mborodin/uyuni-operator/internal/controller/activationkey_controller.go:85.107,87.3 1 0
github.com/mborodin/uyuni-operator/internal/controller/activationkey_controller.go:91.2,92.16 2 0
github.com/mborodin/uyuni-operator/internal/controller/activationkey_controller.go:92.16,94.3 1 0
github.com/mborodin/uyuni-operator/internal/controller/activationkey_controller.go:95.2,95.21 1 0
github.com/mborodin/uyuni-operator/internal/controller/activationkey_controller.go:95.21,98.53 2 0
github.com/mborodin/uyuni-operator/internal/controller/activationkey_controller.go:98.53,100.4 1 0
github.com/mborodin/uyuni-operator/internal/controller/activationkey_controller.go:101.3,101.58 1 0
github.com/mborodin/uyuni-operator/internal/controller/activationkey_controller.go:104.2,105.16 2 0
github.com/mborodin/uyuni-operator/internal/controller/activationkey_controller.go:105.16,107.3 1 0
github.com/mborodin/uyuni-operator/internal/controller/activationkey_controller.go:108.2,108.22 1 0
github.com/mborodin/uyuni-operator/internal/controller/activationkey_controller.go:108.22,111.53 2 0
github.com/mborodin/uyuni-operator/internal/controller/activationkey_controller.go:111.53,113.4 1 0
github.com/mborodin/uyuni-operator/internal/controller/activationkey_controller.go:114.3,114.58 1 0
github.com/mborodin/uyuni-operator/internal/controller/activationkey_controller.go:119.2,120.16 2 0
github.com/mborodin/uyuni-operator/internal/controller/activationkey_controller.go:120.16,122.3 1 0
github.com/mborodin/uyuni-operator/internal/controller/activationkey_controller.go:123.2,123.20 1 0
github.com/mborodin/uyuni-operator/internal/controller/activationkey_controller.go:123.20,132.17 2 0
github.com/mborodin/uyuni-operator/internal/controller/activationkey_controller.go:132.17,134.4 1 0
github.com/mborodin/uyuni-operator/internal/controller/activationkey_controller.go:135.3,136.53 2 0
github.com/mborodin/uyuni-operator/internal/controller/activationkey_controller.go:136.53,138.4 1 0
github.com/mborodin/uyuni-operator/internal/controller/activationkey_controller.go:140.3,140.41 1 0
github.com/mborodin/uyuni-operator/internal/controller/activationkey_controller.go:144.2,145.87 2 0
github.com/mborodin/uyuni-operator/internal/controller/activationkey_controller.go:145.87,146.38 1 0
github.com/mborodin/uyuni-operator/internal/controller/activationkey_controller.go:146.38,147.107 1 0
github.com/mborodin/uyuni-operator/internal/controller/activationkey_controller.go:147.107,152.5 3 0
github.com/mborodin/uyuni-operator/internal/controller/activationkey_controller.go:158.2,158.60 1 0
github.com/mborodin/uyuni-operator/internal/controller/activationkey_controller.go:158.60,165.18 1 0
github.com/mborodin/uyuni-operator/internal/controller/activationkey_controller.go:165.18,167.4 1 0
github.com/mborodin/uyuni-operator/internal/controller/activationkey_controller.go:170.2,170.108 1 0
github.com/mborodin/uyuni-operator/internal/controller/activationkey_controller.go:170.108,171.77 1 0
github.com/mborodin/uyuni-operator/internal/controller/activationkey_controller.go:171.77,173.4 1 0
github.com/mborodin/uyuni-operator/internal/controller/activationkey_controller.go:174.3,174.79 1 0
github.com/mborodin/uyuni-operator/internal/controller/activationkey_controller.go:174.79,176.4 1 0
github.com/mborodin/uyuni-operator/internal/controller/activationkey_controller.go:179.2,179.109 1 0
github.com/mborodin/uyuni-operator/internal/controller/activationkey_controller.go:179.109,180.22 1 0
github.com/mborodin/uyuni-operator/internal/controller/activationkey_controller.go:180.22,181.91 1 0
github.com/mborodin/uyuni-operator/internal/controller/activationkey_controller.go:181.91,183.5 1 0
github.com/mborodin/uyuni-operator/internal/controller/activationkey_controller.go:185.3,185.21 1 0
github.com/mborodin/uyuni-operator/internal/controller/activationkey_controller.go:185.21,186.93 1 0
github.com/mborodin/uyuni-operator/internal/controller/activationkey_controller.go:186.93,188.5 1 0
github.com/mborodin/uyuni-operator/internal/controller/activationkey_controller.go:192.2,192.69 1 0
github.com/mborodin/uyuni-operator/internal/controller/activationkey_controller.go:192.69,193.105 1 0
github.com/mborodin/uyuni-operator/internal/controller/activationkey_controller.go:193.105,195.4 1 0
github.com/mborodin/uyuni-operator/internal/controller/activationkey_controller.go:198.2,198.96 1 0
github.com/mborodin/uyuni-operator/internal/controller/activationkey_controller.go:198.96,199.86 1 0
github.com/mborodin/uyuni-operator/internal/controller/activationkey_controller.go:199.86,201.4 1 0
github.com/mborodin/uyuni-operator/internal/controller/activationkey_controller.go:204.2,206.52 3 0
github.com/mborodin/uyuni-operator/internal/controller/activationkey_controller.go:206.52,208.3 1 0
github.com/mborodin/uyuni-operator/internal/controller/activationkey_controller.go:209.2,209.56 1 0
github.com/mborodin/uyuni-operator/internal/controller/activationkey_controller.go:212.119,213.41 1 0
github.com/mborodin/uyuni-operator/internal/controller/activationkey_controller.go:213.41,215.3 1 0
github.com/mborodin/uyuni-operator/internal/controller/activationkey_controller.go:216.2,216.54 1 0
github.com/mborodin/uyuni-operator/internal/controller/activationkey_controller.go:216.54,219.3 2 0
github.com/mborodin/uyuni-operator/internal/controller/activationkey_controller.go:220.2,220.30 1 0
github.com/mborodin/uyuni-operator/internal/controller/activationkey_controller.go:220.30,222.17 2 0
github.com/mborodin/uyuni-operator/internal/controller/activationkey_controller.go:222.17,224.4 1 0
github.com/mborodin/uyuni-operator/internal/controller/activationkey_controller.go:225.3,225.99 1 0
github.com/mborodin/uyuni-operator/internal/controller/activationkey_controller.go:225.99,227.4 1 0
github.com/mborodin/uyuni-operator/internal/controller/activationkey_controller.go:229.2,230.41 2 0
github.com/mborodin/uyuni-operator/internal/controller/activationkey_controller.go:233.148,234.30 1 0
github.com/mborodin/uyuni-operator/internal/controller/activationkey_controller.go:234.30,236.28 2 0
github.com/mborodin/uyuni-operator/internal/controller/activationkey_controller.go:236.28,239.4 2 0
github.com/mborodin/uyuni-operator/internal/controller/activationkey_controller.go:240.3,240.16 1 0
github.com/mborodin/uyuni-operator/internal/controller/activationkey_controller.go:243.2,246.41 4 0
github.com/mborodin/uyuni-operator/internal/controller/activationkey_controller.go:246.41,249.3 1 0
github.com/mborodin/uyuni-operator/internal/controller/activationkey_controller.go:250.2,251.15 2 0
github.com/mborodin/uyuni-operator/internal/controller/activationkey_controller.go:254.100,255.36 1 0
github.com/mborodin/uyuni-operator/internal/controller/activationkey_controller.go:255.36,257.3 1 0
github.com/mborodin/uyuni-operator/internal/controller/activationkey_controller.go:258.2,259.124 2 0
github.com/mborodin/uyuni-operator/internal/controller/activationkey_controller.go:259.124,261.3 1 0
github.com/mborodin/uyuni-operator/internal/controller/activationkey_controller.go:262.2,262.32 1 0
github.com/mborodin/uyuni-operator/internal/controller/activationkey_controller.go:262.32,264.3 1 0
github.com/mborodin/uyuni-operator/internal/controller/activationkey_controller.go:265.2,265.30 1 0
github.com/mborodin/uyuni-operator/internal/controller/activationkey_controller.go:268.139,269.46 1 0
github.com/mborodin/uyuni-operator/internal/controller/activationkey_controller.go:269.46,271.17 2 0
github.com/mborodin/uyuni-operator/internal/controller/activationkey_controller.go:271.17,273.4 1 0
github.com/mborodin/uyuni-operator/internal/controller/activationkey_controller.go:274.3,274.16 1 0
github.com/mborodin/uyuni-operator/internal/controller/activationkey_controller.go:274.16,276.4 1 0
github.com/mborodin/uyuni-operator/internal/controller/activationkey_controller.go:277.3,277.29 1 0
github.com/mborodin/uyuni-operator/internal/controller/activationkey_controller.go:277.29,279.4 1 0
github.com/mborodin/uyuni-operator/internal/controller/activationkey_controller.go:280.3,280.39 1 0
github.com/mborodin/uyuni-operator/internal/controller/activationkey_controller.go:282.2,282.21 1 0
github.com/mborodin/uyuni-operator/internal/controller/activationkey_controller.go:285.147,286.48 1 0
github.com/mborodin/uyuni-operator/internal/controller/activationkey_controller.go:286.48,288.104 2 0
github.com/mborodin/uyuni-operator/internal/controller/activationkey_controller.go:288.104,289.41 1 0
github.com/mborodin/uyuni-operator/internal/controller/activationkey_controller.go:289.41,291.5 1 0
github.com/mborodin/uyuni-operator/internal/controller/activationkey_controller.go:292.4,292.23 1 0
github.com/mborodin/uyuni-operator/internal/controller/activationkey_controller.go:294.3,294.29 1 0
github.com/mborodin/uyuni-operator/internal/controller/activationkey_controller.go:294.29,296.4 1 0
github.com/mborodin/uyuni-operator/internal/controller/activationkey_controller.go:297.3,297.38 1 0
github.com/mborodin/uyuni-operator/internal/controller/activationkey_controller.go:299.2,299.24 1 0
github.com/mborodin/uyuni-operator/internal/controller/activationkey_controller.go:302.135,306.2 3 0
github.com/mborodin/uyuni-operator/internal/controller/activationkey_controller.go:308.119,314.2 1 0
github.com/mborodin/uyuni-operator/internal/controller/activationkey_controller.go:316.44,317.22 1 0
github.com/mborodin/uyuni-operator/internal/controller/activationkey_controller.go:317.22,319.3 1 0
github.com/mborodin/uyuni-operator/internal/controller/activationkey_controller.go:320.2,321.22 2 0
github.com/mborodin/uyuni-operator/internal/controller/activationkey_controller.go:321.22,323.3 1 0
github.com/mborodin/uyuni-operator/internal/controller/activationkey_controller.go:324.2,324.22 1 0
github.com/mborodin/uyuni-operator/internal/controller/activationkey_controller.go:324.22,325.13 1 0
github.com/mborodin/uyuni-operator/internal/controller/activationkey_controller.go:325.13,327.4 1 0
github.com/mborodin/uyuni-operator/internal/controller/activationkey_controller.go:329.2,329.13 1 0
github.com/mborodin/uyuni-operator/internal/controller/activationkey_controller.go:332.76,342.2 1 0
github.com/mborodin/uyuni-operator/internal/controller/activationkey_controller.go:344.124,346.83 2 0
github.com/mborodin/uyuni-operator/internal/controller/activationkey_controller.go:346.83,348.3 1 0
github.com/mborodin/uyuni-operator/internal/controller/activationkey_controller.go:349.2,350.32 2 0
github.com/mborodin/uyuni-operator/internal/controller/activationkey_controller.go:350.32,351.47 1 0
github.com/mborodin/uyuni-operator/internal/controller/activationkey_controller.go:351.47,352.83 1 0
github.com/mborodin/uyuni-operator/internal/controller/activationkey_controller.go:352.83,356.10 2 0
github.com/mborodin/uyuni-operator/internal/controller/activationkey_controller.go:360.2,360.12 1 0
github.com/mborodin/uyuni-operator/internal/controller/activationkey_controller.go:363.120,365.83 2 0
github.com/mborodin/uyuni-operator/internal/controller/activationkey_controller.go:365.83,367.3 1 0
github.com/mborodin/uyuni-operator/internal/controller/activationkey_controller.go:368.2,369.32 2 0
github.com/mborodin/uyuni-operator/internal/controller/activationkey_controller.go:369.32,370.51 1 0
github.com/mborodin/uyuni-operator/internal/controller/activationkey_controller.go:370.51,374.4 1 0
github.com/mborodin/uyuni-operator/internal/controller/activationkey_controller.go:376.2,376.12 1 0
github.com/mborodin/uyuni-operator/internal/controller/activationkey_controller.go:379.120,381.83 2 0
github.com/mborodin/uyuni-operator/internal/controller/activationkey_controller.go:381.83,383.3 1 0
github.com/mborodin/uyuni-operator/internal/controller/activationkey_controller.go:384.2,385.32 2 0
github.com/mborodin/uyuni-operator/internal/controller/activationkey_controller.go:385.32,386.84 1 0
github.com/mborodin/uyuni-operator/internal/controller/activationkey_controller.go:386.84,390.12 2 0
github.com/mborodin/uyuni-operator/internal/controller/activationkey_controller.go:392.3,392.46 1 0
github.com/mborodin/uyuni-operator/internal/controller/activationkey_controller.go:392.46,393.31 1 0
github.com/mborodin/uyuni-operator/internal/controller/activationkey_controller.go:393.31,397.10 2 0
github.com/mborodin/uyuni-operator/internal/controller/activationkey_controller.go:401.2,401.12 1 0
github.com/mborodin/uyuni-operator/internal/controller/annotations.go:21.49,23.20 2 0
github.com/mborodin/uyuni-operator/internal/controller/annotations.go:23.20,25.3 1 0
github.com/mborodin/uyuni-operator/internal/controller/annotations.go:26.2,27.48 2 0
github.com/mborodin/uyuni-operator/internal/controller/annotations.go:27.48,28.29 1 0
github.com/mborodin/uyuni-operator/internal/controller/annotations.go:28.29,32.4 3 0
github.com/mborodin/uyuni-operator/internal/controller/annotations.go:34.2,34.13 1 0
github.com/mborodin/uyuni-operator/internal/controller/annotations.go:34.13,36.3 1 0
github.com/mborodin/uyuni-operator/internal/controller/annotations.go:37.2,37.16 1 0
github.com/mborodin/uyuni-operator/internal/controller/autoinstalldistribution_controller.go:29.115,31.60 2 0
github.com/mborodin/uyuni-operator/internal/controller/autoinstalldistribution_controller.go:31.60,33.3 1 0
github.com/mborodin/uyuni-operator/internal/controller/autoinstalldistribution_controller.go:35.2,35.36 1 0
github.com/mborodin/uyuni-operator/internal/controller/autoinstalldistribution_controller.go:35.36,37.3 1 0
github.com/mborodin/uyuni-operator/internal/controller/autoinstalldistribution_controller.go:39.2,40.16 2 0
github.com/mborodin/uyuni-operator/internal/controller/autoinstalldistribution_controller.go:40.16,42.3 1 0
github.com/mborodin/uyuni-operator/internal/controller/autoinstalldistribution_controller.go:44.2,44.39 1 0
github.com/mborodin/uyuni-operator/internal/controller/autoinstalldistribution_controller.go:44.39,46.3 1 0
github.com/mborodin/uyuni-operator/internal/controller/autoinstalldistribution_controller.go:48.2,48.108 1 0
github.com/mborodin/uyuni-operator/internal/controller/autoinstalldistribution_controller.go:48.108,50.3 1 0
github.com/mborodin/uyuni-operator/internal/controller/autoinstalldistribution_controller.go:53.2,54.16 2 0
github.com/mborodin/uyuni-operator/internal/controller/autoinstalldistribution_controller.go:54.16,56.3 1 0
github.com/mborodin/uyuni-operator/internal/controller/autoinstalldistribution_controller.go:57.2,57.22 1 0
github.com/mborodin/uyuni-operator/internal/controller/autoinstalldistribution_controller.go:57.22,61.3 3 0
github.com/mborodin/uyuni-operator/internal/controller/autoinstalldistribution_controller.go:63.2,64.27 2 0
github.com/mborodin/uyuni-operator/internal/controller/autoinstalldistribution_controller.go:64.27,72.24 1 0
github.com/mborodin/uyuni-operator/internal/controller/autoinstalldistribution_controller.go:72.24,74.4 1 0
github.com/mborodin/uyuni-operator/internal/controller/autoinstalldistribution_controller.go:75.3,76.17 2 0
github.com/mborodin/uyuni-operator/internal/controller/autoinstalldistribution_controller.go:76.17,78.4 1 0
github.com/mborodin/uyuni-operator/internal/controller/autoinstalldistribution_controller.go:79.8,79.23 1 0
github.com/mborodin/uyuni-operator/internal/controller/autoinstalldistribution_controller.go:79.23,81.3 1 0
github.com/mborodin/uyuni-operator/internal/controller/autoinstalldistribution_controller.go:84.2,84.57 1 0
github.com/mborodin/uyuni-operator/internal/controller/autoinstalldistribution_controller.go:84.57,92.24 1 0
github.com/mborodin/uyuni-operator/internal/controller/autoinstalldistribution_controller.go:92.24,94.4 1 0
github.com/mborodin/uyuni-operator/internal/controller/autoinstalldistribution_controller.go:97.2,101.52 5 0
github.com/mborodin/uyuni-operator/internal/controller/autoinstalldistribution_controller.go:101.52,103.3 1 0
github.com/mborodin/uyuni-operator/internal/controller/autoinstalldistribution_controller.go:104.2,104.57 1 0
github.com/mborodin/uyuni-operator/internal/controller/autoinstalldistribution_controller.go:107.139,108.41 1 0
github.com/mborodin/uyuni-operator/internal/controller/autoinstalldistribution_controller.go:108.41,110.3 1 0
github.com/mborodin/uyuni-operator/internal/controller/autoinstalldistribution_controller.go:111.2,111.54 1 0
github.com/mborodin/uyuni-operator/internal/controller/autoinstalldistribution_controller.go:111.54,114.3 2 0
github.com/mborodin/uyuni-operator/internal/controller/autoinstalldistribution_controller.go:115.2,115.28 1 0
github.com/mborodin/uyuni-operator/internal/controller/autoinstalldistribution_controller.go:115.28,117.17 2 0
github.com/mborodin/uyuni-operator/internal/controller/autoinstalldistribution_controller.go:117.17,119.4 1 0
github.com/mborodin/uyuni-operator/internal/controller/autoinstalldistribution_controller.go:120.3,120.93 1 0
github.com/mborodin/uyuni-operator/internal/controller/autoinstalldistribution_controller.go:120.93,122.4 1 0
github.com/mborodin/uyuni-operator/internal/controller/autoinstalldistribution_controller.go:124.2,125.41 2 0
github.com/mborodin/uyuni-operator/internal/controller/autoinstalldistribution_controller.go:128.155,130.118 2 0
github.com/mborodin/uyuni-operator/internal/controller/autoinstalldistribution_controller.go:130.118,131.40 1 0
github.com/mborodin/uyuni-operator/internal/controller/autoinstalldistribution_controller.go:131.40,133.4 1 0
github.com/mborodin/uyuni-operator/internal/controller/autoinstalldistribution_controller.go:134.3,134.21 1 0
github.com/mborodin/uyuni-operator/internal/controller/autoinstalldistribution_controller.go:136.2,136.27 1 0
github.com/mborodin/uyuni-operator/internal/controller/autoinstalldistribution_controller.go:136.27,138.3 1 0
github.com/mborodin/uyuni-operator/internal/controller/autoinstalldistribution_controller.go:139.2,139.33 1 0
github.com/mborodin/uyuni-operator/internal/controller/autoinstalldistribution_controller.go:142.155,146.2 3 0
github.com/mborodin/uyuni-operator/internal/controller/autoinstalldistribution_controller.go:148.129,156.2 1 0
github.com/mborodin/uyuni-operator/internal/controller/autoinstalldistribution_controller.go:158.86,164.2 1 0
github.com/mborodin/uyuni-operator/internal/controller/autoinstalldistribution_controller.go:166.129,168.83 2 0
github.com/mborodin/uyuni-operator/internal/controller/autoinstalldistribution_controller.go:168.83,170.3 1 0
github.com/mborodin/uyuni-operator/internal/controller/autoinstalldistribution_controller.go:171.2,172.32 2 0
github.com/mborodin/uyuni-operator/internal/controller/autoinstalldistribution_controller.go:172.32,173.47 1 0
github.com/mborodin/uyuni-operator/internal/controller/autoinstalldistribution_controller.go:173.47,177.4 1 0
github.com/mborodin/uyuni-operator/internal/controller/autoinstalldistribution_controller.go:179.2,179.12 1 0
github.com/mborodin/uyuni-operator/internal/controller/autoinstallprofile_controller.go:34.110,36.60 2 0
github.com/mborodin/uyuni-operator/internal/controller/autoinstallprofile_controller.go:36.60,38.3 1 0
github.com/mborodin/uyuni-operator/internal/controller/autoinstallprofile_controller.go:40.2,40.36 1 0
github.com/mborodin/uyuni-operator/internal/controller/autoinstallprofile_controller.go:40.36,42.3 1 0
github.com/mborodin/uyuni-operator/internal/controller/autoinstallprofile_controller.go:44.2,44.39 1 0
github.com/mborodin/uyuni-operator/internal/controller/autoinstallprofile_controller.go:44.39,46.3 1 0
github.com/mborodin/uyuni-operator/internal/controller/autoinstallprofile_controller.go:48.2,48.108 1 0
github.com/mborodin/uyuni-operator/internal/controller/autoinstallprofile_controller.go:48.108,50.3 1 0
github.com/mborodin/uyuni-operator/internal/controller/autoinstallprofile_controller.go:55.2,55.32 1 0
github.com/mborodin/uyuni-operator/internal/controller/autoinstallprofile_controller.go:55.32,57.3 1 0
github.com/mborodin/uyuni-operator/internal/controller/autoinstallprofile_controller.go:59.2,60.16 2 0
github.com/mborodin/uyuni-operator/internal/controller/autoinstallprofile_controller.go:60.16,62.3 1 0
github.com/mborodin/uyuni-operator/internal/controller/autoinstallprofile_controller.go:65.2,66.16 2 0
github.com/mborodin/uyuni-operator/internal/controller/autoinstallprofile_controller.go:66.16,68.3 1 0
github.com/mborodin/uyuni-operator/internal/controller/autoinstallprofile_controller.go:69.2,69.22 1 0
github.com/mborodin/uyuni-operator/internal/controller/autoinstallprofile_controller.go:69.22,73.3 3 0
github.com/mborodin/uyuni-operator/internal/controller/autoinstallprofile_controller.go:76.2,77.16 2 0
github.com/mborodin/uyuni-operator/internal/controller/autoinstallprofile_controller.go:77.16,79.3 1 0
github.com/mborodin/uyuni-operator/internal/controller/autoinstallprofile_controller.go:80.2,80.22 1 0
github.com/mborodin/uyuni-operator/internal/controller/autoinstallprofile_controller.go:80.22,84.3 3 0
github.com/mborodin/uyuni-operator/internal/controller/autoinstallprofile_controller.go:87.2,87.42 1 0
github.com/mborodin/uyuni-operator/internal/controller/autoinstallprofile_controller.go:87.42,90.3 1 0
github.com/mborodin/uyuni-operator/internal/controller/autoinstallprofile_controller.go:91.2,92.16 2 0
github.com/mborodin/uyuni-operator/internal/controller/autoinstallprofile_controller.go:92.16,94.3 1 0
github.com/mborodin/uyuni-operator/internal/controller/autoinstallprofile_controller.go:97.2,98.30 2 0
github.com/mborodin/uyuni-operator/internal/controller/autoinstallprofile_controller.go:98.30,99.38 1 0
github.com/mborodin/uyuni-operator/internal/controller/autoinstallprofile_controller.go:99.38,105.25 1 0
github.com/mborodin/uyuni-operator/internal/controller/autoinstallprofile_controller.go:105.25,107.5 1 0
github.com/mborodin/uyuni-operator/internal/controller/autoinstallprofile_controller.go:108.4,108.68 1 0
github.com/mborodin/uyuni-operator/internal/controller/autoinstallprofile_controller.go:109.9,117.25 1 0
github.com/mborodin/uyuni-operator/internal/controller/autoinstallprofile_controller.go:117.25,119.5 1 0
github.com/mborodin/uyuni-operator/internal/controller/autoinstallprofile_controller.go:121.8,121.26 1 0
github.com/mborodin/uyuni-operator/internal/controller/autoinstallprofile_controller.go:121.26,123.3 1 0
github.com/mborodin/uyuni-operator/internal/controller/autoinstallprofile_controller.go:123.8,123.44 1 0
github.com/mborodin/uyuni-operator/internal/controller/autoinstallprofile_controller.go:123.44,126.40 2 0
github.com/mborodin/uyuni-operator/internal/controller/autoinstallprofile_controller.go:126.40,132.25 1 0
github.com/mborodin/uyuni-operator/internal/controller/autoinstallprofile_controller.go:132.25,134.5 1 0
github.com/mborodin/uyuni-operator/internal/controller/autoinstallprofile_controller.go:135.4,135.36 1 0
github.com/mborodin/uyuni-operator/internal/controller/autoinstallprofile_controller.go:141.2,141.37 1 0
github.com/mborodin/uyuni-operator/internal/controller/autoinstallprofile_controller.go:141.37,142.89 1 0
github.com/mborodin/uyuni-operator/internal/controller/autoinstallprofile_controller.go:142.89,144.4 1 0
github.com/mborodin/uyuni-operator/internal/controller/autoinstallprofile_controller.go:145.3,145.98 1 0
github.com/mborodin/uyuni-operator/internal/controller/autoinstallprofile_controller.go:145.98,147.4 1 0
github.com/mborodin/uyuni-operator/internal/controller/autoinstallprofile_controller.go:151.2,152.42 2 0
github.com/mborodin/uyuni-operator/internal/controller/autoinstallprofile_controller.go:152.42,154.3 1 0
github.com/mborodin/uyuni-operator/internal/controller/autoinstallprofile_controller.go:155.2,155.54 1 0
github.com/mborodin/uyuni-operator/internal/controller/autoinstallprofile_controller.go:155.54,156.85 1 0
github.com/mborodin/uyuni-operator/internal/controller/autoinstallprofile_controller.go:156.85,158.4 1 0
github.com/mborodin/uyuni-operator/internal/controller/autoinstallprofile_controller.go:162.2,162.67 1 0
github.com/mborodin/uyuni-operator/internal/controller/autoinstallprofile_controller.go:162.67,164.17 2 0
github.com/mborodin/uyuni-operator/internal/controller/autoinstallprofile_controller.go:164.17,166.4 1 0
github.com/mborodin/uyuni-operator/internal/controller/autoinstallprofile_controller.go:167.3,167.57 1 0
github.com/mborodin/uyuni-operator/internal/controller/autoinstallprofile_controller.go:167.57,168.88 1 0
github.com/mborodin/uyuni-operator/internal/controller/autoinstallprofile_controller.go:168.88,170.5 1 0
github.com/mborodin/uyuni-operator/internal/controller/autoinstallprofile_controller.go:175.2,175.37 1 0
github.com/mborodin/uyuni-operator/internal/controller/autoinstallprofile_controller.go:175.37,176.58 1 0
github.com/mborodin/uyuni-operator/internal/controller/autoinstallprofile_controller.go:176.58,178.4 1 0
github.com/mborodin/uyuni-operator/internal/controller/autoinstallprofile_controller.go:181.2,185.52 5 0
github.com/mborodin/uyuni-operator/internal/controller/autoinstallprofile_controller.go:185.52,187.3 1 0
github.com/mborodin/uyuni-operator/internal/controller/autoinstallprofile_controller.go:188.2,188.57 1 0
github.com/mborodin/uyuni-operator/internal/controller/autoinstallprofile_controller.go:191.130,193.16 2 0
github.com/mborodin/uyuni-operator/internal/controller/autoinstallprofile_controller.go:193.16,195.3 1 0
github.com/mborodin/uyuni-operator/internal/controller/autoinstallprofile_controller.go:198.2,199.29 2 0
github.com/mborodin/uyuni-operator/internal/controller/autoinstallprofile_controller.go:199.29,200.19 1 0
github.com/mborodin/uyuni-operator/internal/controller/autoinstallprofile_controller.go:200.19,202.4 1 0
github.com/mborodin/uyuni-operator/internal/controller/autoinstallprofile_controller.go:204.2,205.36 2 0
github.com/mborodin/uyuni-operator/internal/controller/autoinstallprofile_controller.go:205.36,207.3 1 0
github.com/mborodin/uyuni-operator/internal/controller/autoinstallprofile_controller.go:210.2,211.39 2 0
github.com/mborodin/uyuni-operator/internal/controller/autoinstallprofile_controller.go:211.39,212.53 1 0
github.com/mborodin/uyuni-operator/internal/controller/autoinstallprofile_controller.go:212.53,214.12 2 0
github.com/mborodin/uyuni-operator/internal/controller/autoinstallprofile_controller.go:216.3,225.17 2 0
github.com/mborodin/uyuni-operator/internal/controller/autoinstallprofile_controller.go:225.17,227.4 1 0
github.com/mborodin/uyuni-operator/internal/controller/autoinstallprofile_controller.go:228.3,228.97 1 0
github.com/mborodin/uyuni-operator/internal/controller/autoinstallprofile_controller.go:232.2,232.38 1 0
github.com/mborodin/uyuni-operator/internal/controller/autoinstallprofile_controller.go:232.38,233.58 1 0
github.com/mborodin/uyuni-operator/internal/controller/autoinstallprofile_controller.go:233.58,234.73 1 0
github.com/mborodin/uyuni-operator/internal/controller/autoinstallprofile_controller.go:234.73,236.5 1 0
github.com/mborodin/uyuni-operator/internal/controller/autoinstallprofile_controller.go:240.2,241.12 2 0
github.com/mborodin/uyuni-operator/internal/controller/autoinstallprofile_controller.go:253.132,255.77 2 0
github.com/mborodin/uyuni-operator/internal/controller/autoinstallprofile_controller.go:255.77,260.3 4 0
github.com/mborodin/uyuni-operator/internal/controller/autoinstallprofile_controller.go:260.17,262.3 1 0
github.com/mborodin/uyuni-operator/internal/controller/autoinstallprofile_controller.go:264.2,266.22 3 0
github.com/mborodin/uyuni-operator/internal/controller/autoinstallprofile_controller.go:266.22,271.3 3 0
github.com/mborodin/uyuni-operator/internal/controller/autoinstallprofile_controller.go:272.2,274.51 3 0
github.com/mborodin/uyuni-operator/internal/controller/autoinstallprofile_controller.go:274.51,276.3 1 0
github.com/mborodin/uyuni-operator/internal/controller/autoinstallprofile_controller.go:277.2,277.57 1 0
github.com/mborodin/uyuni-operator/internal/controller/autoinstallprofile_controller.go:280.129,281.41 1 0
github.com/mborodin/uyuni-operator/internal/controller/autoinstallprofile_controller.go:281.41,283.3 1 0
github.com/mborodin/uyuni-operator/internal/controller/autoinstallprofile_controller.go:284.2,284.54 1 0
github.com/mborodin/uyuni-operator/internal/controller/autoinstallprofile_controller.go:284.54,287.3 2 0
github.com/mborodin/uyuni-operator/internal/controller/autoinstallprofile_controller.go:289.2,289.103 1 0
github.com/mborodin/uyuni-operator/internal/controller/autoinstallprofile_controller.go:289.103,291.17 2 0
github.com/mborodin/uyuni-operator/internal/controller/autoinstallprofile_controller.go:291.17,293.4 1 0
github.com/mborodin/uyuni-operator/internal/controller/autoinstallprofile_controller.go:294.3,294.88 1 0
github.com/mborodin/uyuni-operator/internal/controller/autoinstallprofile_controller.go:294.88,296.4 1 0
github.com/mborodin/uyuni-operator/internal/controller/autoinstallprofile_controller.go:298.2,299.41 2 0
github.com/mborodin/uyuni-operator/internal/controller/autoinstallprofile_controller.go:302.150,303.36 1 0
github.com/mborodin/uyuni-operator/internal/controller/autoinstallprofile_controller.go:303.36,305.3 1 0
github.com/mborodin/uyuni-operator/internal/controller/autoinstallprofile_controller.go:306.2,307.123 2 0
github.com/mborodin/uyuni-operator/internal/controller/autoinstallprofile_controller.go:307.123,308.40 1 0
github.com/mborodin/uyuni-operator/internal/controller/autoinstallprofile_controller.go:308.40,310.4 1 0
github.com/mborodin/uyuni-operator/internal/controller/autoinstallprofile_controller.go:311.3,311.21 1 0
github.com/mborodin/uyuni-operator/internal/controller/autoinstallprofile_controller.go:313.2,313.28 1 0
github.com/mborodin/uyuni-operator/internal/controller/autoinstallprofile_controller.go:313.28,315.3 1 0
github.com/mborodin/uyuni-operator/internal/controller/autoinstallprofile_controller.go:316.2,316.31 1 0
github.com/mborodin/uyuni-operator/internal/controller/autoinstallprofile_controller.go:319.156,320.47 1 0
github.com/mborodin/uyuni-operator/internal/controller/autoinstallprofile_controller.go:320.47,322.104 2 0
github.com/mborodin/uyuni-operator/internal/controller/autoinstallprofile_controller.go:322.104,323.41 1 0
github.com/mborodin/uyuni-operator/internal/controller/autoinstallprofile_controller.go:323.41,325.5 1 0
github.com/mborodin/uyuni-operator/internal/controller/autoinstallprofile_controller.go:326.4,326.23 1 0
github.com/mborodin/uyuni-operator/internal/controller/autoinstallprofile_controller.go:328.3,328.28 1 0
github.com/mborodin/uyuni-operator/internal/controller/autoinstallprofile_controller.go:328.28,330.4 1 0
github.com/mborodin/uyuni-operator/internal/controller/autoinstallprofile_controller.go:331.3,331.43 1 0
github.com/mborodin/uyuni-operator/internal/controller/autoinstallprofile_controller.go:333.2,333.24 1 0
github.com/mborodin/uyuni-operator/internal/controller/autoinstallprofile_controller.go:336.117,338.100 2 0
github.com/mborodin/uyuni-operator/internal/controller/autoinstallprofile_controller.go:338.100,340.3 1 0
github.com/mborodin/uyuni-operator/internal/controller/autoinstallprofile_controller.go:341.2,342.9 2 0
github.com/mborodin/uyuni-operator/internal/controller/autoinstallprofile_controller.go:342.9,344.3 1 0
github.com/mborodin/uyuni-operator/internal/controller/autoinstallprofile_controller.go:345.2,345.25 1 0
github.com/mborodin/uyuni-operator/internal/controller/autoinstallprofile_controller.go:348.145,352.2 3 0
github.com/mborodin/uyuni-operator/internal/controller/autoinstallprofile_controller.go:354.36,357.2 2 0
github.com/mborodin/uyuni-operator/internal/controller/autoinstallprofile_controller.go:359.81,367.2 1 0
github.com/mborodin/uyuni-operator/internal/controller/autoinstallprofile_controller.go:369.124,371.83 2 0
github.com/mborodin/uyuni-operator/internal/controller/autoinstallprofile_controller.go:371.83,373.3 1 0
github.com/mborodin/uyuni-operator/internal/controller/autoinstallprofile_controller.go:374.2,375.32 2 0
github.com/mborodin/uyuni-operator/internal/controller/autoinstallprofile_controller.go:375.32,376.86 1 0
github.com/mborodin/uyuni-operator/internal/controller/autoinstallprofile_controller.go:376.86,380.4 1 0
github.com/mborodin/uyuni-operator/internal/controller/autoinstallprofile_controller.go:382.2,382.12 1 0
github.com/mborodin/uyuni-operator/internal/controller/autoinstallprofile_controller.go:385.119,387.83 2 0
github.com/mborodin/uyuni-operator/internal/controller/autoinstallprofile_controller.go:387.83,389.3 1 0
github.com/mborodin/uyuni-operator/internal/controller/autoinstallprofile_controller.go:390.2,391.32 2 0
github.com/mborodin/uyuni-operator/internal/controller/autoinstallprofile_controller.go:391.32,392.48 1 0
github.com/mborodin/uyuni-operator/internal/controller/autoinstallprofile_controller.go:392.48,393.33 1 0
github.com/mborodin/uyuni-operator/internal/controller/autoinstallprofile_controller.go:393.33,397.10 2 0
github.com/mborodin/uyuni-operator/internal/controller/autoinstallprofile_controller.go:401.2,401.12 1 0
github.com/mborodin/uyuni-operator/internal/controller/channelresolve.go:43.127,54.86 2 0
github.com/mborodin/uyuni-operator/internal/controller/channelresolve.go:54.86,55.52 1 0
github.com/mborodin/uyuni-operator/internal/controller/channelresolve.go:55.52,57.4 1 0
github.com/mborodin/uyuni-operator/internal/controller/channelresolve.go:58.3,58.29 1 0
github.com/mborodin/uyuni-operator/internal/controller/channelresolve.go:60.2,60.37 1 0
github.com/mborodin/uyuni-operator/internal/controller/channelresolve.go:60.37,62.46 2 0
github.com/mborodin/uyuni-operator/internal/controller/channelresolve.go:62.46,63.40 1 0
github.com/mborodin/uyuni-operator/internal/controller/channelresolve.go:63.40,64.37 1 0
github.com/mborodin/uyuni-operator/internal/controller/channelresolve.go:64.37,66.6 1 0
github.com/mborodin/uyuni-operator/internal/controller/channelresolve.go:67.5,67.13 1 0
github.com/mborodin/uyuni-operator/internal/controller/channelresolve.go:69.4,69.36 1 0
github.com/mborodin/uyuni-operator/internal/controller/channelresolve.go:71.3,71.36 1 0
github.com/mborodin/uyuni-operator/internal/controller/channelresolve.go:76.2,76.63 1 0
github.com/mborodin/uyuni-operator/internal/controller/channelresolve.go:76.63,79.3 2 0
github.com/mborodin/uyuni-operator/internal/controller/channelresolve.go:80.2,80.71 1 0
github.com/mborodin/uyuni-operator/internal/controller/channelresolve.go:80.71,83.3 2 0
github.com/mborodin/uyuni-operator/internal/controller/channelresolve.go:86.2,86.9 1 0
github.com/mborodin/uyuni-operator/internal/controller/channelresolve.go:87.34,89.17 2 0
github.com/mborodin/uyuni-operator/internal/controller/channelresolve.go:89.17,91.4 1 0
github.com/mborodin/uyuni-operator/internal/controller/channelresolve.go:92.3,92.17 1 0
github.com/mborodin/uyuni-operator/internal/controller/channelresolve.go:92.17,95.4 2 0
github.com/mborodin/uyuni-operator/internal/controller/channelresolve.go:96.3,96.17 1 0
github.com/mborodin/uyuni-operator/internal/controller/channelresolve.go:96.17,99.4 2 0
github.com/mborodin/uyuni-operator/internal/controller/channelresolve.go:100.3,100.31 1 0
github.com/mborodin/uyuni-operator/internal/controller/channelresolve.go:102.35,104.17 2 0
github.com/mborodin/uyuni-operator/internal/controller/channelresolve.go:104.17,106.4 1 0
github.com/mborodin/uyuni-operator/internal/controller/channelresolve.go:107.3,107.17 1 0
github.com/mborodin/uyuni-operator/internal/controller/channelresolve.go:107.17,110.4 2 0
github.com/mborodin/uyuni-operator/internal/controller/channelresolve.go:111.3,111.17 1 0
github.com/mborodin/uyuni-operator/internal/controller/channelresolve.go:111.17,114.4 2 0
github.com/mborodin/uyuni-operator/internal/controller/channelresolve.go:115.3,115.31 1 0
github.com/mborodin/uyuni-operator/internal/controller/channelresolve.go:119.2,119.44 1 0
github.com/mborodin/uyuni-operator/internal/controller/channelresolve.go:119.44,121.17 2 0
github.com/mborodin/uyuni-operator/internal/controller/channelresolve.go:121.17,123.4 1 0
github.com/mborodin/uyuni-operator/internal/controller/channelresolve.go:124.3,124.17 1 0
github.com/mborodin/uyuni-operator/internal/controller/channelresolve.go:124.17,127.4 2 0
github.com/mborodin/uyuni-operator/internal/controller/channelresolve.go:128.3,128.17 1 0
github.com/mborodin/uyuni-operator/internal/controller/channelresolve.go:128.17,131.4 2 0
github.com/mborodin/uyuni-operator/internal/controller/channelresolve.go:132.3,132.65 1 0
github.com/mborodin/uyuni-operator/internal/controller/channelresolve.go:134.2,134.45 1 0
github.com/mborodin/uyuni-operator/internal/controller/channelresolve.go:134.45,136.17 2 0
github.com/mborodin/uyuni-operator/internal/controller/channelresolve.go:136.17,138.4 1 0
github.com/mborodin/uyuni-operator/internal/controller/channelresolve.go:139.3,139.17 1 0
github.com/mborodin/uyuni-operator/internal/controller/channelresolve.go:139.17,142.4 2 0
github.com/mborodin/uyuni-operator/internal/controller/channelresolve.go:143.3,143.17 1 0
github.com/mborodin/uyuni-operator/internal/controller/channelresolve.go:143.17,146.4 2 0
github.com/mborodin/uyuni-operator/internal/controller/channelresolve.go:147.3,147.65 1 0
github.com/mborodin/uyuni-operator/internal/controller/channelresolve.go:150.2,150.17 1 0
github.com/mborodin/uyuni-operator/internal/controller/channelresolve.go:153.163,155.16 2 0
github.com/mborodin/uyuni-operator/internal/controller/channelresolve.go:155.16,157.3 1 0
github.com/mborodin/uyuni-operator/internal/controller/channelresolve.go:158.2,158.15 1 0
github.com/mborodin/uyuni-operator/internal/controller/channelresolve.go:158.15,160.3 1 0
github.com/mborodin/uyuni-operator/internal/controller/channelresolve.go:161.2,161.27 1 0
github.com/mborodin/uyuni-operator/internal/controller/channelresolve.go:161.27,163.3 1 0
github.com/mborodin/uyuni-operator/internal/controller/channelresolve.go:164.2,164.37 1 0
github.com/mborodin/uyuni-operator/internal/controller/channelresolve.go:189.122,190.56 1 0
github.com/mborodin/uyuni-operator/internal/controller/channelresolve.go:190.56,192.3 1 0
github.com/mborodin/uyuni-operator/internal/controller/channelresolve.go:193.2,193.61 1 0
github.com/mborodin/uyuni-operator/internal/controller/channelresolve.go:193.61,195.3 1 0
github.com/mborodin/uyuni-operator/internal/controller/channelresolve.go:197.2,198.96 2 0
github.com/mborodin/uyuni-operator/internal/controller/channelresolve.go:198.96,200.3 1 0
github.com/mborodin/uyuni-operator/internal/controller/channelresolve.go:200.8,200.46 1 0
github.com/mborodin/uyuni-operator/internal/controller/channelresolve.go:200.46,202.3 1 0
github.com/mborodin/uyuni-operator/internal/controller/channelresolve.go:203.2,204.74 2 0
github.com/mborodin/uyuni-operator/internal/controller/channelresolve.go:204.74,206.3 1 0
github.com/mborodin/uyuni-operator/internal/controller/channelresolve.go:207.2,208.28 2 0
github.com/mborodin/uyuni-operator/internal/controller/channelresolve.go:208.28,209.52 1 0
github.com/mborodin/uyuni-operator/internal/controller/channelresolve.go:209.52,211.4 1 0
github.com/mborodin/uyuni-operator/internal/controller/channelresolve.go:214.2,214.85 1 0
github.com/mborodin/uyuni-operator/internal/controller/channelresolve.go:214.85,216.3 1 0
github.com/mborodin/uyuni-operator/internal/controller/channelresolve.go:216.8,216.27 1 0
github.com/mborodin/uyuni-operator/internal/controller/channelresolve.go:216.27,218.3 1 0
github.com/mborodin/uyuni-operator/internal/controller/channelresolve.go:219.2,219.66 1 0
github.com/mborodin/uyuni-operator/internal/controller/channelresolve.go:227.130,229.74 2 0
github.com/mborodin/uyuni-operator/internal/controller/channelresolve.go:229.74,231.3 1 0
github.com/mborodin/uyuni-operator/internal/controller/channelresolve.go:232.2,232.28 1 0
github.com/mborodin/uyuni-operator/internal/controller/channelresolve.go:232.28,233.40 1 0
github.com/mborodin/uyuni-operator/internal/controller/channelresolve.go:233.40,235.4 1 0
github.com/mborodin/uyuni-operator/internal/controller/channelresolve.go:237.2,237.17 1 0
github.com/mborodin/uyuni-operator/internal/controller/channelresolve.go:247.142,249.74 2 0
github.com/mborodin/uyuni-operator/internal/controller/channelresolve.go:249.74,251.3 1 0
github.com/mborodin/uyuni-operator/internal/controller/channelresolve.go:252.2,253.28 2 0
github.com/mborodin/uyuni-operator/internal/controller/channelresolve.go:253.28,254.45 1 0
github.com/mborodin/uyuni-operator/internal/controller/channelresolve.go:254.45,255.12 1 0
github.com/mborodin/uyuni-operator/internal/controller/channelresolve.go:257.3,257.40 1 0
github.com/mborodin/uyuni-operator/internal/controller/channelresolve.go:257.40,259.4 1 0
github.com/mborodin/uyuni-operator/internal/controller/channelresolve.go:260.3,260.22 1 0
github.com/mborodin/uyuni-operator/internal/controller/channelresolve.go:260.22,262.4 1 0
github.com/mborodin/uyuni-operator/internal/controller/channelresolve.go:264.2,264.22 1 0
github.com/mborodin/uyuni-operator/internal/controller/channelresolve.go:282.114,284.96 2 0
github.com/mborodin/uyuni-operator/internal/controller/channelresolve.go:284.96,286.3 1 0
github.com/mborodin/uyuni-operator/internal/controller/channelresolve.go:286.8,286.46 1 0
github.com/mborodin/uyuni-operator/internal/controller/channelresolve.go:286.46,288.3 1 0
github.com/mborodin/uyuni-operator/internal/controller/channelresolve.go:289.2,290.74 2 0
github.com/mborodin/uyuni-operator/internal/controller/channelresolve.go:290.74,292.3 1 0
github.com/mborodin/uyuni-operator/internal/controller/channelresolve.go:293.2,294.28 2 0
github.com/mborodin/uyuni-operator/internal/controller/channelresolve.go:294.28,295.52 1 0
github.com/mborodin/uyuni-operator/internal/controller/channelresolve.go:295.52,297.4 1 0
github.com/mborodin/uyuni-operator/internal/controller/channelresolve.go:300.2,301.28 2 0
github.com/mborodin/uyuni-operator/internal/controller/channelresolve.go:301.28,302.38 1 0
github.com/mborodin/uyuni-operator/internal/controller/channelresolve.go:302.38,303.12 1 0
github.com/mborodin/uyuni-operator/internal/controller/channelresolve.go:305.3,305.40 1 0
github.com/mborodin/uyuni-operator/internal/controller/channelresolve.go:305.40,307.4 1 0
github.com/mborodin/uyuni-operator/internal/controller/channelresolve.go:308.3,308.20 1 0
github.com/mborodin/uyuni-operator/internal/controller/channelresolve.go:308.20,310.4 1 0
github.com/mborodin/uyuni-operator/internal/controller/channelresolve.go:312.2,312.20 1 0
github.com/mborodin/uyuni-operator/internal/controller/channelresolve.go:315.162,317.118 2 0
github.com/mborodin/uyuni-operator/internal/controller/channelresolve.go:317.118,318.40 1 0
github.com/mborodin/uyuni-operator/internal/controller/channelresolve.go:318.40,320.4 1 0
github.com/mborodin/uyuni-operator/internal/controller/channelresolve.go:321.3,321.25 1 0
github.com/mborodin/uyuni-operator/internal/controller/channelresolve.go:329.2,330.74 2 0
github.com/mborodin/uyuni-operator/internal/controller/channelresolve.go:330.74,332.3 1 0
github.com/mborodin/uyuni-operator/internal/controller/channelresolve.go:333.2,334.41 2 0
github.com/mborodin/uyuni-operator/internal/controller/channelresolve.go:334.41,335.33 1 0
github.com/mborodin/uyuni-operator/internal/controller/channelresolve.go:335.33,337.9 2 0
github.com/mborodin/uyuni-operator/internal/controller/channelresolve.go:340.2,340.18 1 0
github.com/mborodin/uyuni-operator/internal/controller/channelresolve.go:340.18,341.32 1 0
github.com/mborodin/uyuni-operator/internal/controller/channelresolve.go:341.32,342.73 1 0
github.com/mborodin/uyuni-operator/internal/controller/channelresolve.go:342.73,344.10 2 0
github.com/mborodin/uyuni-operator/internal/controller/channelresolve.go:348.2,348.18 1 0
github.com/mborodin/uyuni-operator/internal/controller/channelresolve.go:348.18,352.3 1 0
github.com/mborodin/uyuni-operator/internal/controller/channelresolve.go:355.2,356.45 2 0
github.com/mborodin/uyuni-operator/internal/controller/channelresolve.go:356.45,357.62 1 0
github.com/mborodin/uyuni-operator/internal/controller/channelresolve.go:357.62,359.9 2 0
github.com/mborodin/uyuni-operator/internal/controller/channelresolve.go:362.2,362.45 1 0
github.com/mborodin/uyuni-operator/internal/controller/channelresolve.go:362.45,366.3 1 0
github.com/mborodin/uyuni-operator/internal/controller/channelresolve.go:370.2,371.48 2 0
github.com/mborodin/uyuni-operator/internal/controller/channelresolve.go:371.48,372.26 1 0
github.com/mborodin/uyuni-operator/internal/controller/channelresolve.go:372.26,374.4 1 0
github.com/mborodin/uyuni-operator/internal/controller/channelresolve.go:376.2,379.80 1 0
github.com/mborodin/uyuni-operator/internal/controller/clmenvironment_controller.go:30.106,32.61 2 0
github.com/mborodin/uyuni-operator/internal/controller/clmenvironment_controller.go:32.61,34.3 1 0
github.com/mborodin/uyuni-operator/internal/controller/clmenvironment_controller.go:36.2,36.37 1 0
github.com/mborodin/uyuni-operator/internal/controller/clmenvironment_controller.go:36.37,38.3 1 0
github.com/mborodin/uyuni-operator/internal/controller/clmenvironment_controller.go:41.2,42.16 2 0
github.com/mborodin/uyuni-operator/internal/controller/clmenvironment_controller.go:42.16,44.3 1 0
github.com/mborodin/uyuni-operator/internal/controller/clmenvironment_controller.go:46.2,46.44 1 0
github.com/mborodin/uyuni-operator/internal/controller/clmenvironment_controller.go:46.44,48.3 1 0
github.com/mborodin/uyuni-operator/internal/controller/clmenvironment_controller.go:50.2,50.110 1 0
github.com/mborodin/uyuni-operator/internal/controller/clmenvironment_controller.go:50.110,52.3 1 0
github.com/mborodin/uyuni-operator/internal/controller/clmenvironment_controller.go:55.2,56.121 2 0
github.com/mborodin/uyuni-operator/internal/controller/clmenvironment_controller.go:56.121,58.3 1 0
github.com/mborodin/uyuni-operator/internal/controller/clmenvironment_controller.go:61.2,62.49 2 0
github.com/mborodin/uyuni-operator/internal/controller/clmenvironment_controller.go:62.49,63.66 1 0
github.com/mborodin/uyuni-operator/internal/controller/clmenvironment_controller.go:63.66,65.9 2 0
github.com/mborodin/uyuni-operator/internal/controller/clmenvironment_controller.go:68.2,68.19 1 0
github.com/mborodin/uyuni-operator/internal/controller/clmenvironment_controller.go:68.19,70.3 1 0
github.com/mborodin/uyuni-operator/internal/controller/clmenvironment_controller.go:73.2,73.32 1 0
github.com/mborodin/uyuni-operator/internal/controller/clmenvironment_controller.go:73.32,76.17 2 0
github.com/mborodin/uyuni-operator/internal/controller/clmenvironment_controller.go:76.17,80.4 1 0
github.com/mborodin/uyuni-operator/internal/controller/clmenvironment_controller.go:80.9,83.27 2 0
github.com/mborodin/uyuni-operator/internal/controller/clmenvironment_controller.go:83.27,84.40 1 0
github.com/mborodin/uyuni-operator/internal/controller/clmenvironment_controller.go:84.40,86.11 2 0
github.com/mborodin/uyuni-operator/internal/controller/clmenvironment_controller.go:90.4,90.26 1 0
github.com/mborodin/uyuni-operator/internal/controller/clmenvironment_controller.go:90.26,93.5 2 0
github.com/mborodin/uyuni-operator/internal/controller/clmenvironment_controller.go:98.2,99.22 2 0
github.com/mborodin/uyuni-operator/internal/controller/clmenvironment_controller.go:99.22,101.107 1 0
github.com/mborodin/uyuni-operator/internal/controller/clmenvironment_controller.go:101.107,105.4 3 0
github.com/mborodin/uyuni-operator/internal/controller/clmenvironment_controller.go:105.9,109.4 3 0
github.com/mborodin/uyuni-operator/internal/controller/clmenvironment_controller.go:110.8,113.3 2 0
github.com/mborodin/uyuni-operator/internal/controller/clmenvironment_controller.go:117.2,118.89 2 0
github.com/mborodin/uyuni-operator/internal/controller/clmenvironment_controller.go:118.89,119.39 1 0
github.com/mborodin/uyuni-operator/internal/controller/clmenvironment_controller.go:119.39,123.41 1 0
github.com/mborodin/uyuni-operator/internal/controller/clmenvironment_controller.go:123.41,128.5 3 0
github.com/mborodin/uyuni-operator/internal/controller/clmenvironment_controller.go:133.2,134.22 2 0
github.com/mborodin/uyuni-operator/internal/controller/clmenvironment_controller.go:134.22,136.3 1 0
github.com/mborodin/uyuni-operator/internal/controller/clmenvironment_controller.go:138.2,140.53 3 0
github.com/mborodin/uyuni-operator/internal/controller/clmenvironment_controller.go:140.53,142.3 1 0
github.com/mborodin/uyuni-operator/internal/controller/clmenvironment_controller.go:143.2,143.56 1 0
github.com/mborodin/uyuni-operator/internal/controller/clmenvironment_controller.go:146.122,147.46 1 0
github.com/mborodin/uyuni-operator/internal/controller/clmenvironment_controller.go:147.46,149.3 1 0
github.com/mborodin/uyuni-operator/internal/controller/clmenvironment_controller.go:150.2,150.55 1 0
github.com/mborodin/uyuni-operator/internal/controller/clmenvironment_controller.go:150.55,153.3 2 0
github.com/mborodin/uyuni-operator/internal/controller/clmenvironment_controller.go:156.2,157.121 2 0
github.com/mborodin/uyuni-operator/internal/controller/clmenvironment_controller.go:157.121,159.17 2 0
github.com/mborodin/uyuni-operator/internal/controller/clmenvironment_controller.go:159.17,161.4 1 0
github.com/mborodin/uyuni-operator/internal/controller/clmenvironment_controller.go:162.3,162.147 1 0
github.com/mborodin/uyuni-operator/internal/controller/clmenvironment_controller.go:162.147,164.4 1 0
github.com/mborodin/uyuni-operator/internal/controller/clmenvironment_controller.go:167.2,168.42 2 0
github.com/mborodin/uyuni-operator/internal/controller/clmenvironment_controller.go:171.138,175.2 3 0
github.com/mborodin/uyuni-operator/internal/controller/clmenvironment_controller.go:177.77,183.2 1 0
github.com/mborodin/uyuni-operator/internal/controller/clmenvironment_controller.go:185.111,187.83 2 0
github.com/mborodin/uyuni-operator/internal/controller/clmenvironment_controller.go:187.83,189.3 1 0
github.com/mborodin/uyuni-operator/internal/controller/clmenvironment_controller.go:190.2,191.33 2 0
github.com/mborodin/uyuni-operator/internal/controller/clmenvironment_controller.go:191.33,192.48 1 0
github.com/mborodin/uyuni-operator/internal/controller/clmenvironment_controller.go:192.48,196.4 1 0
github.com/mborodin/uyuni-operator/internal/controller/clmenvironment_controller.go:198.2,198.12 1 0
github.com/mborodin/uyuni-operator/internal/controller/cobbler_controller.go:30.50,31.34 1 0
github.com/mborodin/uyuni-operator/internal/controller/cobbler_controller.go:31.34,33.3 1 0
github.com/mborodin/uyuni-operator/internal/controller/cobbler_controller.go:34.2,34.11 1 0
github.com/mborodin/uyuni-operator/internal/controller/cobbler_controller.go:37.61,38.13 1 0
github.com/mborodin/uyuni-operator/internal/controller/cobbler_controller.go:38.13,40.3 1 0
github.com/mborodin/uyuni-operator/internal/controller/cobbler_controller.go:41.2,41.10 1 0
github.com/mborodin/uyuni-operator/internal/controller/cobbler_controller.go:47.113,48.19 1 0
github.com/mborodin/uyuni-operator/internal/controller/cobbler_controller.go:48.19,50.3 1 0
github.com/mborodin/uyuni-operator/internal/controller/cobbler_controller.go:51.2,52.93 2 0
github.com/mborodin/uyuni-operator/internal/controller/cobbler_controller.go:52.93,54.3 1 0
github.com/mborodin/uyuni-operator/internal/controller/cobbler_controller.go:55.2,55.37 1 0
github.com/mborodin/uyuni-operator/internal/controller/cobbler_controller.go:55.37,57.3 1 0
github.com/mborodin/uyuni-operator/internal/controller/cobbler_controller.go:58.2,58.65 1 0
github.com/mborodin/uyuni-operator/internal/controller/cobbler_controller.go:78.105,80.60 2 0
github.com/mborodin/uyuni-operator/internal/controller/cobbler_controller.go:80.60,82.3 1 0
github.com/mborodin/uyuni-operator/internal/controller/cobbler_controller.go:83.2,84.16 2 0
github.com/mborodin/uyuni-operator/internal/controller/cobbler_controller.go:84.16,86.3 1 0
github.com/mborodin/uyuni-operator/internal/controller/cobbler_controller.go:87.2,89.36 2 0
github.com/mborodin/uyuni-operator/internal/controller/cobbler_controller.go:89.36,90.46 1 0
github.com/mborodin/uyuni-operator/internal/controller/cobbler_controller.go:90.46,91.93 1 0
github.com/mborodin/uyuni-operator/internal/controller/cobbler_controller.go:91.93,92.62 1 0
github.com/mborodin/uyuni-operator/internal/controller/cobbler_controller.go:92.62,94.6 1 0
github.com/mborodin/uyuni-operator/internal/controller/cobbler_controller.go:96.4,97.44 2 0
github.com/mborodin/uyuni-operator/internal/controller/cobbler_controller.go:99.3,99.28 1 0
github.com/mborodin/uyuni-operator/internal/controller/cobbler_controller.go:101.2,101.43 1 0
github.com/mborodin/uyuni-operator/internal/controller/cobbler_controller.go:101.43,103.3 1 0
github.com/mborodin/uyuni-operator/internal/controller/cobbler_controller.go:105.2,105.39 1 0
github.com/mborodin/uyuni-operator/internal/controller/cobbler_controller.go:105.39,107.17 2 0
github.com/mborodin/uyuni-operator/internal/controller/cobbler_controller.go:107.17,109.4 1 0
github.com/mborodin/uyuni-operator/internal/controller/cobbler_controller.go:110.3,110.13 1 0
github.com/mborodin/uyuni-operator/internal/controller/cobbler_controller.go:110.13,112.4 1 0
github.com/mborodin/uyuni-operator/internal/controller/cobbler_controller.go:113.3,115.66 3 0
github.com/mborodin/uyuni-operator/internal/controller/cobbler_controller.go:119.2,120.16 2 0
github.com/mborodin/uyuni-operator/internal/controller/cobbler_controller.go:120.16,122.3 1 0
github.com/mborodin/uyuni-operator/internal/controller/cobbler_controller.go:123.2,123.16 1 0
github.com/mborodin/uyuni-operator/internal/controller/cobbler_controller.go:123.16,125.3 1 0
github.com/mborodin/uyuni-operator/internal/controller/cobbler_controller.go:126.2,128.39 3 0
github.com/mborodin/uyuni-operator/internal/controller/cobbler_controller.go:128.39,130.3 1 0
github.com/mborodin/uyuni-operator/internal/controller/cobbler_controller.go:131.2,141.16 2 0
github.com/mborodin/uyuni-operator/internal/controller/cobbler_controller.go:141.16,143.3 1 0
github.com/mborodin/uyuni-operator/internal/controller/cobbler_controller.go:144.2,146.76 3 0
github.com/mborodin/uyuni-operator/internal/controller/cobbler_controller.go:149.126,150.31 1 0
github.com/mborodin/uyuni-operator/internal/controller/cobbler_controller.go:150.31,152.3 1 0
github.com/mborodin/uyuni-operator/internal/controller/cobbler_controller.go:153.2,153.31 1 0
github.com/mborodin/uyuni-operator/internal/controller/cobbler_controller.go:153.31,155.118 2 0
github.com/mborodin/uyuni-operator/internal/controller/cobbler_controller.go:155.118,156.41 1 0
github.com/mborodin/uyuni-operator/internal/controller/cobbler_controller.go:156.41,158.5 1 0
github.com/mborodin/uyuni-operator/internal/controller/cobbler_controller.go:159.4,159.22 1 0
github.com/mborodin/uyuni-operator/internal/controller/cobbler_controller.go:161.3,161.30 1 0
github.com/mborodin/uyuni-operator/internal/controller/cobbler_controller.go:163.2,163.20 1 0
github.com/mborodin/uyuni-operator/internal/controller/cobbler_controller.go:166.135,170.2 3 0
github.com/mborodin/uyuni-operator/internal/controller/cobbler_controller.go:172.124,174.2 1 0
github.com/mborodin/uyuni-operator/internal/controller/cobbler_controller.go:176.135,180.51 4 0
github.com/mborodin/uyuni-operator/internal/controller/cobbler_controller.go:180.51,182.3 1 0
github.com/mborodin/uyuni-operator/internal/controller/cobbler_controller.go:183.2,183.52 1 0
github.com/mborodin/uyuni-operator/internal/controller/cobbler_controller.go:186.130,190.51 4 0
github.com/mborodin/uyuni-operator/internal/controller/cobbler_controller.go:190.51,192.3 1 0
github.com/mborodin/uyuni-operator/internal/controller/cobbler_controller.go:193.2,193.57 1 0
github.com/mborodin/uyuni-operator/internal/controller/cobbler_controller.go:196.76,197.18 1 0
github.com/mborodin/uyuni-operator/internal/controller/cobbler_controller.go:197.18,199.3 1 0
github.com/mborodin/uyuni-operator/internal/controller/cobbler_controller.go:200.2,200.83 1 0
github.com/mborodin/uyuni-operator/internal/controller/cobbler_controller.go:218.105,220.60 2 0
github.com/mborodin/uyuni-operator/internal/controller/cobbler_controller.go:220.60,222.3 1 0
github.com/mborodin/uyuni-operator/internal/controller/cobbler_controller.go:223.2,224.16 2 0
github.com/mborodin/uyuni-operator/internal/controller/cobbler_controller.go:224.16,228.3 3 0
github.com/mborodin/uyuni-operator/internal/controller/cobbler_controller.go:229.2,231.36 2 0
github.com/mborodin/uyuni-operator/internal/controller/cobbler_controller.go:231.36,232.47 1 0
github.com/mborodin/uyuni-operator/internal/controller/cobbler_controller.go:232.47,233.93 1 0
github.com/mborodin/uyuni-operator/internal/controller/cobbler_controller.go:233.93,234.62 1 0
github.com/mborodin/uyuni-operator/internal/controller/cobbler_controller.go:234.62,238.6 3 0
github.com/mborodin/uyuni-operator/internal/controller/cobbler_controller.go:240.4,241.44 2 0
github.com/mborodin/uyuni-operator/internal/controller/cobbler_controller.go:243.3,243.28 1 0
github.com/mborodin/uyuni-operator/internal/controller/cobbler_controller.go:245.2,245.44 1 0
github.com/mborodin/uyuni-operator/internal/controller/cobbler_controller.go:245.44,247.3 1 0
github.com/mborodin/uyuni-operator/internal/controller/cobbler_controller.go:249.2,249.39 1 0
github.com/mborodin/uyuni-operator/internal/controller/cobbler_controller.go:249.39,251.17 2 0
github.com/mborodin/uyuni-operator/internal/controller/cobbler_controller.go:251.17,255.4 3 0
github.com/mborodin/uyuni-operator/internal/controller/cobbler_controller.go:256.3,256.13 1 0
github.com/mborodin/uyuni-operator/internal/controller/cobbler_controller.go:256.13,263.4 5 0
github.com/mborodin/uyuni-operator/internal/controller/cobbler_controller.go:264.3,265.65 2 0
github.com/mborodin/uyuni-operator/internal/controller/cobbler_controller.go:268.2,278.16 2 0
github.com/mborodin/uyuni-operator/internal/controller/cobbler_controller.go:278.16,282.3 3 0
github.com/mborodin/uyuni-operator/internal/controller/cobbler_controller.go:283.2,284.68 2 0
github.com/mborodin/uyuni-operator/internal/controller/cobbler_controller.go:287.129,291.51 4 0
github.com/mborodin/uyuni-operator/internal/controller/cobbler_controller.go:291.51,293.3 1 0
github.com/mborodin/uyuni-operator/internal/controller/cobbler_controller.go:294.2,294.57 1 0
github.com/mborodin/uyuni-operator/internal/controller/cobbler_controller.go:297.76,298.18 1 0
github.com/mborodin/uyuni-operator/internal/controller/cobbler_controller.go:298.18,300.3 1 0
github.com/mborodin/uyuni-operator/internal/controller/cobbler_controller.go:301.2,301.83 1 0
github.com/mborodin/uyuni-operator/internal/controller/cobbler_controller.go:320.106,322.60 2 0
github.com/mborodin/uyuni-operator/internal/controller/cobbler_controller.go:322.60,324.3 1 0
github.com/mborodin/uyuni-operator/internal/controller/cobbler_controller.go:325.2,326.16 2 0
github.com/mborodin/uyuni-operator/internal/controller/cobbler_controller.go:326.16,330.3 3 0
github.com/mborodin/uyuni-operator/internal/controller/cobbler_controller.go:331.2,333.36 2 0
github.com/mborodin/uyuni-operator/internal/controller/cobbler_controller.go:333.36,334.47 1 0
github.com/mborodin/uyuni-operator/internal/controller/cobbler_controller.go:334.47,335.93 1 0
github.com/mborodin/uyuni-operator/internal/controller/cobbler_controller.go:335.93,336.63 1 0
github.com/mborodin/uyuni-operator/internal/controller/cobbler_controller.go:336.63,340.6 3 0
github.com/mborodin/uyuni-operator/internal/controller/cobbler_controller.go:342.4,343.44 2 0
github.com/mborodin/uyuni-operator/internal/controller/cobbler_controller.go:345.3,345.28 1 0
github.com/mborodin/uyuni-operator/internal/controller/cobbler_controller.go:347.2,347.44 1 0
github.com/mborodin/uyuni-operator/internal/controller/cobbler_controller.go:347.44,349.3 1 0
github.com/mborodin/uyuni-operator/internal/controller/cobbler_controller.go:351.2,351.39 1 0
github.com/mborodin/uyuni-operator/internal/controller/cobbler_controller.go:351.39,353.17 2 0
github.com/mborodin/uyuni-operator/internal/controller/cobbler_controller.go:353.17,357.4 3 0
github.com/mborodin/uyuni-operator/internal/controller/cobbler_controller.go:358.3,358.13 1 0
github.com/mborodin/uyuni-operator/internal/controller/cobbler_controller.go:358.13,365.4 5 0
github.com/mborodin/uyuni-operator/internal/controller/cobbler_controller.go:366.3,368.66 3 0
github.com/mborodin/uyuni-operator/internal/controller/cobbler_controller.go:371.2,372.16 2 0
github.com/mborodin/uyuni-operator/internal/controller/cobbler_controller.go:372.16,376.3 3 0
github.com/mborodin/uyuni-operator/internal/controller/cobbler_controller.go:377.2,377.16 1 0
github.com/mborodin/uyuni-operator/internal/controller/cobbler_controller.go:377.16,382.3 4 0
github.com/mborodin/uyuni-operator/internal/controller/cobbler_controller.go:383.2,391.16 2 0
github.com/mborodin/uyuni-operator/internal/controller/cobbler_controller.go:391.16,395.3 3 0
github.com/mborodin/uyuni-operator/internal/controller/cobbler_controller.go:396.2,398.69 3 0
github.com/mborodin/uyuni-operator/internal/controller/cobbler_controller.go:401.127,402.30 1 0
github.com/mborodin/uyuni-operator/internal/controller/cobbler_controller.go:402.30,404.3 1 0
github.com/mborodin/uyuni-operator/internal/controller/cobbler_controller.go:405.2,405.30 1 0
github.com/mborodin/uyuni-operator/internal/controller/cobbler_controller.go:405.30,407.118 2 0
github.com/mborodin/uyuni-operator/internal/controller/cobbler_controller.go:407.118,408.41 1 0
github.com/mborodin/uyuni-operator/internal/controller/cobbler_controller.go:408.41,410.5 1 0
github.com/mborodin/uyuni-operator/internal/controller/cobbler_controller.go:411.4,411.22 1 0
github.com/mborodin/uyuni-operator/internal/controller/cobbler_controller.go:413.3,413.31 1 0
github.com/mborodin/uyuni-operator/internal/controller/cobbler_controller.go:415.2,415.20 1 0
github.com/mborodin/uyuni-operator/internal/controller/cobbler_controller.go:418.131,422.51 4 0
github.com/mborodin/uyuni-operator/internal/controller/cobbler_controller.go:422.51,424.3 1 0
github.com/mborodin/uyuni-operator/internal/controller/cobbler_controller.go:425.2,425.57 1 0
github.com/mborodin/uyuni-operator/internal/controller/cobbler_controller.go:428.77,429.18 1 0
github.com/mborodin/uyuni-operator/internal/controller/cobbler_controller.go:429.18,431.3 1 0
github.com/mborodin/uyuni-operator/internal/controller/cobbler_controller.go:432.2,432.84 1 0
github.com/mborodin/uyuni-operator/internal/controller/conditions.go:22.137,30.2 1 0
github.com/mborodin/uyuni-operator/internal/controller/conditions.go:32.116,34.2 1 0
github.com/mborodin/uyuni-operator/internal/controller/conditions.go:36.99,38.13 2 0
github.com/mborodin/uyuni-operator/internal/controller/conditions.go:38.13,40.3 1 0
github.com/mborodin/uyuni-operator/internal/controller/conditions.go:41.2,41.75 1 0
github.com/mborodin/uyuni-operator/internal/controller/conditions.go:49.107,51.12 2 0
github.com/mborodin/uyuni-operator/internal/controller/conditions.go:51.12,53.3 1 0
github.com/mborodin/uyuni-operator/internal/controller/conditions.go:54.2,54.79 1 0
github.com/mborodin/uyuni-operator/internal/controller/configurationchannel_controller.go:33.112,35.60 2 0
github.com/mborodin/uyuni-operator/internal/controller/configurationchannel_controller.go:35.60,37.3 1 0
github.com/mborodin/uyuni-operator/internal/controller/configurationchannel_controller.go:39.2,39.36 1 0
github.com/mborodin/uyuni-operator/internal/controller/configurationchannel_controller.go:39.36,41.3 1 0
github.com/mborodin/uyuni-operator/internal/controller/configurationchannel_controller.go:43.2,44.16 2 0
github.com/mborodin/uyuni-operator/internal/controller/configurationchannel_controller.go:44.16,46.3 1 0
github.com/mborodin/uyuni-operator/internal/controller/configurationchannel_controller.go:48.2,48.45 1 0
github.com/mborodin/uyuni-operator/internal/controller/configurationchannel_controller.go:48.45,50.3 1 0
github.com/mborodin/uyuni-operator/internal/controller/configurationchannel_controller.go:52.2,52.100 1 0
github.com/mborodin/uyuni-operator/internal/controller/configurationchannel_controller.go:52.100,54.3 1 0
github.com/mborodin/uyuni-operator/internal/controller/configurationchannel_controller.go:56.2,57.27 2 0
github.com/mborodin/uyuni-operator/internal/controller/configurationchannel_controller.go:57.27,59.23 2 0
github.com/mborodin/uyuni-operator/internal/controller/configurationchannel_controller.go:59.23,61.4 1 0
github.com/mborodin/uyuni-operator/internal/controller/configurationchannel_controller.go:62.3,62.33 1 0
github.com/mborodin/uyuni-operator/internal/controller/configurationchannel_controller.go:63.8,63.23 1 0
github.com/mborodin/uyuni-operator/internal/controller/configurationchannel_controller.go:63.23,65.3 1 0
github.com/mborodin/uyuni-operator/internal/controller/configurationchannel_controller.go:65.8,68.86 2 0
github.com/mborodin/uyuni-operator/internal/controller/configurationchannel_controller.go:68.86,70.4 1 0
github.com/mborodin/uyuni-operator/internal/controller/configurationchannel_controller.go:71.3,71.36 1 0
github.com/mborodin/uyuni-operator/internal/controller/configurationchannel_controller.go:71.36,72.89 1 0
github.com/mborodin/uyuni-operator/internal/controller/configurationchannel_controller.go:72.89,77.5 3 0
github.com/mborodin/uyuni-operator/internal/controller/configurationchannel_controller.go:79.3,81.81 2 0
github.com/mborodin/uyuni-operator/internal/controller/configurationchannel_controller.go:81.81,82.101 1 0
github.com/mborodin/uyuni-operator/internal/controller/configurationchannel_controller.go:82.101,84.5 1 0
github.com/mborodin/uyuni-operator/internal/controller/configurationchannel_controller.go:87.3,87.35 1 0
github.com/mborodin/uyuni-operator/internal/controller/configurationchannel_controller.go:87.35,91.4 1 0
github.com/mborodin/uyuni-operator/internal/controller/configurationchannel_controller.go:91.9,93.4 1 0
github.com/mborodin/uyuni-operator/internal/controller/configurationchannel_controller.go:97.2,97.71 1 0
github.com/mborodin/uyuni-operator/internal/controller/configurationchannel_controller.go:97.71,98.24 1 0
github.com/mborodin/uyuni-operator/internal/controller/configurationchannel_controller.go:98.24,100.22 2 0
github.com/mborodin/uyuni-operator/internal/controller/configurationchannel_controller.go:100.22,105.5 4 0
github.com/mborodin/uyuni-operator/internal/controller/configurationchannel_controller.go:108.4,109.50 2 0
github.com/mborodin/uyuni-operator/internal/controller/configurationchannel_controller.go:109.50,110.45 1 0
github.com/mborodin/uyuni-operator/internal/controller/configurationchannel_controller.go:110.45,111.80 1 0
github.com/mborodin/uyuni-operator/internal/controller/configurationchannel_controller.go:111.80,114.7 1 0
github.com/mborodin/uyuni-operator/internal/controller/configurationchannel_controller.go:114.12,116.7 1 0
github.com/mborodin/uyuni-operator/internal/controller/configurationchannel_controller.go:121.4,121.22 1 0
github.com/mborodin/uyuni-operator/internal/controller/configurationchannel_controller.go:121.22,123.25 2 0
github.com/mborodin/uyuni-operator/internal/controller/configurationchannel_controller.go:123.25,128.6 4 0
github.com/mborodin/uyuni-operator/internal/controller/configurationchannel_controller.go:132.4,133.32 2 0
github.com/mborodin/uyuni-operator/internal/controller/configurationchannel_controller.go:133.32,135.5 1 0
github.com/mborodin/uyuni-operator/internal/controller/configurationchannel_controller.go:136.4,146.54 7 0
github.com/mborodin/uyuni-operator/internal/controller/configurationchannel_controller.go:146.54,148.5 1 0
github.com/mborodin/uyuni-operator/internal/controller/configurationchannel_controller.go:151.4,151.69 1 0
github.com/mborodin/uyuni-operator/internal/controller/configurationchannel_controller.go:151.69,154.5 2 0
github.com/mborodin/uyuni-operator/internal/controller/configurationchannel_controller.go:156.8,156.78 1 0
github.com/mborodin/uyuni-operator/internal/controller/configurationchannel_controller.go:156.78,162.3 4 0
github.com/mborodin/uyuni-operator/internal/controller/configurationchannel_controller.go:164.2,166.52 3 0
github.com/mborodin/uyuni-operator/internal/controller/configurationchannel_controller.go:166.52,168.3 1 0
github.com/mborodin/uyuni-operator/internal/controller/configurationchannel_controller.go:171.2,172.80 2 0
github.com/mborodin/uyuni-operator/internal/controller/configurationchannel_controller.go:172.80,175.3 1 0
github.com/mborodin/uyuni-operator/internal/controller/configurationchannel_controller.go:176.2,176.53 1 0
github.com/mborodin/uyuni-operator/internal/controller/configurationchannel_controller.go:179.133,180.47 1 0
github.com/mborodin/uyuni-operator/internal/controller/configurationchannel_controller.go:180.47,182.3 1 0
github.com/mborodin/uyuni-operator/internal/controller/configurationchannel_controller.go:183.2,183.54 1 0
github.com/mborodin/uyuni-operator/internal/controller/configurationchannel_controller.go:183.54,186.3 2 0
github.com/mborodin/uyuni-operator/internal/controller/configurationchannel_controller.go:187.2,188.16 2 0
github.com/mborodin/uyuni-operator/internal/controller/configurationchannel_controller.go:188.16,190.3 1 0
github.com/mborodin/uyuni-operator/internal/controller/configurationchannel_controller.go:191.2,191.90 1 0
github.com/mborodin/uyuni-operator/internal/controller/configurationchannel_controller.go:191.90,193.3 1 0
github.com/mborodin/uyuni-operator/internal/controller/configurationchannel_controller.go:194.2,195.41 2 0
github.com/mborodin/uyuni-operator/internal/controller/configurationchannel_controller.go:198.130,199.35 1 0
github.com/mborodin/uyuni-operator/internal/controller/configurationchannel_controller.go:199.35,201.3 1 0
github.com/mborodin/uyuni-operator/internal/controller/configurationchannel_controller.go:202.2,203.27 2 0
github.com/mborodin/uyuni-operator/internal/controller/configurationchannel_controller.go:203.27,205.3 1 0
github.com/mborodin/uyuni-operator/internal/controller/configurationchannel_controller.go:206.2,206.53 1 0
github.com/mborodin/uyuni-operator/internal/controller/configurationchannel_controller.go:209.149,213.2 3 0
github.com/mborodin/uyuni-operator/internal/controller/configurationchannel_controller.go:215.92,216.72 1 0
github.com/mborodin/uyuni-operator/internal/controller/configurationchannel_controller.go:216.72,218.3 1 0
github.com/mborodin/uyuni-operator/internal/controller/configurationchannel_controller.go:221.2,221.67 1 0
github.com/mborodin/uyuni-operator/internal/controller/configurationchannel_controller.go:221.67,223.3 1 0
github.com/mborodin/uyuni-operator/internal/controller/configurationchannel_controller.go:226.2,226.35 1 0
github.com/mborodin/uyuni-operator/internal/controller/configurationchannel_controller.go:226.35,228.3 1 0
github.com/mborodin/uyuni-operator/internal/controller/configurationchannel_controller.go:231.2,231.32 1 0
github.com/mborodin/uyuni-operator/internal/controller/configurationchannel_controller.go:231.32,233.3 1 0
github.com/mborodin/uyuni-operator/internal/controller/configurationchannel_controller.go:236.2,237.64 2 0
github.com/mborodin/uyuni-operator/internal/controller/configurationchannel_controller.go:240.55,244.23 3 0
github.com/mborodin/uyuni-operator/internal/controller/configurationchannel_controller.go:244.23,246.3 1 0
github.com/mborodin/uyuni-operator/internal/controller/configurationchannel_controller.go:248.2,251.17 3 0
github.com/mborodin/uyuni-operator/internal/controller/configurationchannel_controller.go:251.17,253.3 1 0
github.com/mborodin/uyuni-operator/internal/controller/configurationchannel_controller.go:253.8,253.24 1 0
github.com/mborodin/uyuni-operator/internal/controller/configurationchannel_controller.go:253.24,255.3 1 0
github.com/mborodin/uyuni-operator/internal/controller/configurationchannel_controller.go:256.2,256.22 1 0
github.com/mborodin/uyuni-operator/internal/controller/configurationchannel_controller.go:259.169,260.23 1 0
github.com/mborodin/uyuni-operator/internal/controller/configurationchannel_controller.go:260.23,262.3 1 0
github.com/mborodin/uyuni-operator/internal/controller/configurationchannel_controller.go:265.2,266.16 2 0
github.com/mborodin/uyuni-operator/internal/controller/configurationchannel_controller.go:266.16,268.3 1 0
github.com/mborodin/uyuni-operator/internal/controller/configurationchannel_controller.go:270.2,273.19 3 0
github.com/mborodin/uyuni-operator/internal/controller/configurationchannel_controller.go:273.19,275.3 1 0
github.com/mborodin/uyuni-operator/internal/controller/configurationchannel_controller.go:277.2,278.15 2 0
github.com/mborodin/uyuni-operator/internal/controller/configurationchannel_controller.go:278.15,280.3 1 0
github.com/mborodin/uyuni-operator/internal/controller/configurationchannel_controller.go:282.2,283.16 2 0
github.com/mborodin/uyuni-operator/internal/controller/configurationchannel_controller.go:283.16,285.3 1 0
github.com/mborodin/uyuni-operator/internal/controller/configurationchannel_controller.go:287.2,287.25 1 0
github.com/mborodin/uyuni-operator/internal/controller/configurationchannel_controller.go:290.161,291.39 1 0
github.com/mborodin/uyuni-operator/internal/controller/configurationchannel_controller.go:291.39,301.17 3 0
github.com/mborodin/uyuni-operator/internal/controller/configurationchannel_controller.go:301.17,303.4 1 0
github.com/mborodin/uyuni-operator/internal/controller/configurationchannel_controller.go:305.2,305.12 1 0
github.com/mborodin/uyuni-operator/internal/controller/configurationchannel_controller.go:308.93,310.44 2 0
github.com/mborodin/uyuni-operator/internal/controller/configurationchannel_controller.go:310.44,312.3 1 0
github.com/mborodin/uyuni-operator/internal/controller/configurationchannel_controller.go:313.2,313.38 1 0
github.com/mborodin/uyuni-operator/internal/controller/configurationchannel_controller.go:316.50,318.19 2 0
github.com/mborodin/uyuni-operator/internal/controller/configurationchannel_controller.go:318.19,320.3 1 0
github.com/mborodin/uyuni-operator/internal/controller/configurationchannel_controller.go:322.2,322.35 1 0
github.com/mborodin/uyuni-operator/internal/controller/configurationchannel_controller.go:322.35,323.38 1 0
github.com/mborodin/uyuni-operator/internal/controller/configurationchannel_controller.go:323.38,324.25 1 0
github.com/mborodin/uyuni-operator/internal/controller/configurationchannel_controller.go:324.25,326.5 1 0
github.com/mborodin/uyuni-operator/internal/controller/configurationchannel_controller.go:329.2,329.13 1 0
github.com/mborodin/uyuni-operator/internal/controller/configurationchannel_controller.go:334.152,336.25 2 0
github.com/mborodin/uyuni-operator/internal/controller/configurationchannel_controller.go:336.25,338.3 1 0
github.com/mborodin/uyuni-operator/internal/controller/configurationchannel_controller.go:339.2,340.116 2 0
github.com/mborodin/uyuni-operator/internal/controller/configurationchannel_controller.go:340.116,342.3 1 0
github.com/mborodin/uyuni-operator/internal/controller/configurationchannel_controller.go:343.2,344.23 2 0
github.com/mborodin/uyuni-operator/internal/controller/configurationchannel_controller.go:344.23,346.3 1 0
github.com/mborodin/uyuni-operator/internal/controller/configurationchannel_controller.go:347.2,348.23 2 0
github.com/mborodin/uyuni-operator/internal/controller/configurationchannel_controller.go:348.23,350.3 1 0
github.com/mborodin/uyuni-operator/internal/controller/configurationchannel_controller.go:351.2,353.51 3 0
github.com/mborodin/uyuni-operator/internal/controller/configurationchannel_controller.go:357.75,359.16 2 0
github.com/mborodin/uyuni-operator/internal/controller/configurationchannel_controller.go:359.16,361.3 1 0
github.com/mborodin/uyuni-operator/internal/controller/configurationchannel_controller.go:362.2,363.24 2 0
github.com/mborodin/uyuni-operator/internal/controller/configurationchannel_controller.go:366.83,370.2 1 0
github.com/mborodin/uyuni-operator/internal/controller/constants.go:11.71,12.16 1 0
github.com/mborodin/uyuni-operator/internal/controller/constants.go:12.16,14.3 1 0
github.com/mborodin/uyuni-operator/internal/controller/constants.go:15.2,15.46 1 0
github.com/mborodin/uyuni-operator/internal/controller/constants.go:20.49,21.16 1 0
github.com/mborodin/uyuni-operator/internal/controller/constants.go:21.16,23.3 1 0
github.com/mborodin/uyuni-operator/internal/controller/constants.go:24.2,24.17 1 0
github.com/mborodin/uyuni-operator/internal/controller/contentproject_controller.go:44.106,46.60 2 0
github.com/mborodin/uyuni-operator/internal/controller/contentproject_controller.go:46.60,48.3 1 0
github.com/mborodin/uyuni-operator/internal/controller/contentproject_controller.go:50.2,50.36 1 0
github.com/mborodin/uyuni-operator/internal/controller/contentproject_controller.go:50.36,52.3 1 0
github.com/mborodin/uyuni-operator/internal/controller/contentproject_controller.go:54.2,55.16 2 0
github.com/mborodin/uyuni-operator/internal/controller/contentproject_controller.go:55.16,57.3 1 0
github.com/mborodin/uyuni-operator/internal/controller/contentproject_controller.go:59.2,59.39 1 0
github.com/mborodin/uyuni-operator/internal/controller/contentproject_controller.go:59.39,61.3 1 0
github.com/mborodin/uyuni-operator/internal/controller/contentproject_controller.go:63.2,63.108 1 0
github.com/mborodin/uyuni-operator/internal/controller/contentproject_controller.go:63.108,65.3 1 0
github.com/mborodin/uyuni-operator/internal/controller/contentproject_controller.go:69.2,70.16 2 0
github.com/mborodin/uyuni-operator/internal/controller/contentproject_controller.go:70.16,72.3 1 0
github.com/mborodin/uyuni-operator/internal/controller/contentproject_controller.go:75.2,76.16 2 0
github.com/mborodin/uyuni-operator/internal/controller/contentproject_controller.go:76.16,77.55 1 0
github.com/mborodin/uyuni-operator/internal/controller/contentproject_controller.go:77.55,79.4 1 0
github.com/mborodin/uyuni-operator/internal/controller/contentproject_controller.go:81.3,82.23 2 0
github.com/mborodin/uyuni-operator/internal/controller/contentproject_controller.go:82.23,84.4 1 0
github.com/mborodin/uyuni-operator/internal/controller/contentproject_controller.go:85.3,86.86 2 0
github.com/mborodin/uyuni-operator/internal/controller/contentproject_controller.go:86.86,88.4 1 0
github.com/mborodin/uyuni-operator/internal/controller/contentproject_controller.go:89.3,89.36 1 0
github.com/mborodin/uyuni-operator/internal/controller/contentproject_controller.go:89.36,90.105 1 0
github.com/mborodin/uyuni-operator/internal/controller/contentproject_controller.go:90.105,95.5 3 0
github.com/mborodin/uyuni-operator/internal/controller/contentproject_controller.go:97.3,97.34 1 0
github.com/mborodin/uyuni-operator/internal/controller/contentproject_controller.go:98.8,100.3 1 0
github.com/mborodin/uyuni-operator/internal/controller/contentproject_controller.go:104.2,104.62 1 0
github.com/mborodin/uyuni-operator/internal/controller/contentproject_controller.go:104.62,106.3 1 0
github.com/mborodin/uyuni-operator/internal/controller/contentproject_controller.go:109.2,109.73 1 0
github.com/mborodin/uyuni-operator/internal/controller/contentproject_controller.go:109.73,111.3 1 0
github.com/mborodin/uyuni-operator/internal/controller/contentproject_controller.go:112.2,116.16 3 0
github.com/mborodin/uyuni-operator/internal/controller/contentproject_controller.go:116.16,118.3 1 0
github.com/mborodin/uyuni-operator/internal/controller/contentproject_controller.go:121.2,124.65 2 0
github.com/mborodin/uyuni-operator/internal/controller/contentproject_controller.go:124.65,126.3 1 0
github.com/mborodin/uyuni-operator/internal/controller/contentproject_controller.go:127.2,127.85 1 0
github.com/mborodin/uyuni-operator/internal/controller/contentproject_controller.go:127.85,129.16 2 0
github.com/mborodin/uyuni-operator/internal/controller/contentproject_controller.go:129.16,131.4 1 0
github.com/mborodin/uyuni-operator/internal/controller/contentproject_controller.go:132.3,133.66 2 0
github.com/mborodin/uyuni-operator/internal/controller/contentproject_controller.go:133.66,135.56 1 0
github.com/mborodin/uyuni-operator/internal/controller/contentproject_controller.go:135.56,137.5 1 0
github.com/mborodin/uyuni-operator/internal/controller/contentproject_controller.go:137.10,140.5 2 0
github.com/mborodin/uyuni-operator/internal/controller/contentproject_controller.go:141.9,147.4 5 0
github.com/mborodin/uyuni-operator/internal/controller/contentproject_controller.go:151.2,152.22 2 0
github.com/mborodin/uyuni-operator/internal/controller/contentproject_controller.go:152.22,156.3 1 0
github.com/mborodin/uyuni-operator/internal/controller/contentproject_controller.go:156.8,158.3 1 0
github.com/mborodin/uyuni-operator/internal/controller/contentproject_controller.go:159.2,159.52 1 0
github.com/mborodin/uyuni-operator/internal/controller/contentproject_controller.go:159.52,161.57 1 0
github.com/mborodin/uyuni-operator/internal/controller/contentproject_controller.go:161.57,164.4 2 0
github.com/mborodin/uyuni-operator/internal/controller/contentproject_controller.go:165.3,165.28 1 0
github.com/mborodin/uyuni-operator/internal/controller/contentproject_controller.go:168.2,168.41 1 0
github.com/mborodin/uyuni-operator/internal/controller/contentproject_controller.go:168.41,170.3 1 0
github.com/mborodin/uyuni-operator/internal/controller/contentproject_controller.go:171.2,171.53 1 0
github.com/mborodin/uyuni-operator/internal/controller/contentproject_controller.go:171.53,173.3 1 0
github.com/mborodin/uyuni-operator/internal/controller/contentproject_controller.go:174.2,174.56 1 0
github.com/mborodin/uyuni-operator/internal/controller/contentproject_controller.go:183.121,184.41 1 0
github.com/mborodin/uyuni-operator/internal/controller/contentproject_controller.go:184.41,186.3 1 0
github.com/mborodin/uyuni-operator/internal/controller/contentproject_controller.go:190.2,190.54 1 0
github.com/mborodin/uyuni-operator/internal/controller/contentproject_controller.go:190.54,193.3 2 0
github.com/mborodin/uyuni-operator/internal/controller/contentproject_controller.go:195.2,195.60 1 0
github.com/mborodin/uyuni-operator/internal/controller/contentproject_controller.go:195.60,197.3 1 0
github.com/mborodin/uyuni-operator/internal/controller/contentproject_controller.go:197.8,197.23 1 0
github.com/mborodin/uyuni-operator/internal/controller/contentproject_controller.go:197.23,203.3 3 0
github.com/mborodin/uyuni-operator/internal/controller/contentproject_controller.go:205.2,205.67 1 0
github.com/mborodin/uyuni-operator/internal/controller/contentproject_controller.go:205.67,207.3 1 0
github.com/mborodin/uyuni-operator/internal/controller/contentproject_controller.go:207.8,207.24 1 0
github.com/mborodin/uyuni-operator/internal/controller/contentproject_controller.go:207.24,213.3 3 0
github.com/mborodin/uyuni-operator/internal/controller/contentproject_controller.go:215.2,216.16 2 0
github.com/mborodin/uyuni-operator/internal/controller/contentproject_controller.go:216.16,218.3 1 0
github.com/mborodin/uyuni-operator/internal/controller/contentproject_controller.go:220.2,220.87 1 0
github.com/mborodin/uyuni-operator/internal/controller/contentproject_controller.go:220.87,222.3 1 0
github.com/mborodin/uyuni-operator/internal/controller/contentproject_controller.go:226.2,226.41 1 0
github.com/mborodin/uyuni-operator/internal/controller/contentproject_controller.go:226.41,228.3 1 0
github.com/mborodin/uyuni-operator/internal/controller/contentproject_controller.go:230.2,231.41 2 0
github.com/mborodin/uyuni-operator/internal/controller/contentproject_controller.go:234.115,236.77 2 0
github.com/mborodin/uyuni-operator/internal/controller/contentproject_controller.go:236.77,238.3 1 0
github.com/mborodin/uyuni-operator/internal/controller/contentproject_controller.go:239.2,240.31 2 0
github.com/mborodin/uyuni-operator/internal/controller/contentproject_controller.go:240.31,241.40 1 0
github.com/mborodin/uyuni-operator/internal/controller/contentproject_controller.go:241.40,242.12 1 0
github.com/mborodin/uyuni-operator/internal/controller/contentproject_controller.go:244.3,244.89 1 0
github.com/mborodin/uyuni-operator/internal/controller/contentproject_controller.go:244.89,246.4 1 0
github.com/mborodin/uyuni-operator/internal/controller/contentproject_controller.go:248.2,248.15 1 0
github.com/mborodin/uyuni-operator/internal/controller/contentproject_controller.go:251.121,254.76 3 0
github.com/mborodin/uyuni-operator/internal/controller/contentproject_controller.go:254.76,256.3 1 0
github.com/mborodin/uyuni-operator/internal/controller/contentproject_controller.go:257.2,257.27 1 0
github.com/mborodin/uyuni-operator/internal/controller/contentproject_controller.go:257.27,258.35 1 0
github.com/mborodin/uyuni-operator/internal/controller/contentproject_controller.go:258.35,260.4 1 0
github.com/mborodin/uyuni-operator/internal/controller/contentproject_controller.go:262.2,263.80 2 0
github.com/mborodin/uyuni-operator/internal/controller/contentproject_controller.go:263.80,265.3 1 0
github.com/mborodin/uyuni-operator/internal/controller/contentproject_controller.go:266.2,266.31 1 0
github.com/mborodin/uyuni-operator/internal/controller/contentproject_controller.go:266.31,267.39 1 0
github.com/mborodin/uyuni-operator/internal/controller/contentproject_controller.go:267.39,269.4 1 0
github.com/mborodin/uyuni-operator/internal/controller/contentproject_controller.go:271.2,271.21 1 0
github.com/mborodin/uyuni-operator/internal/controller/contentproject_controller.go:276.138,281.29 2 0
github.com/mborodin/uyuni-operator/internal/controller/contentproject_controller.go:281.29,284.3 2 0
github.com/mborodin/uyuni-operator/internal/controller/contentproject_controller.go:284.8,284.40 1 0
github.com/mborodin/uyuni-operator/internal/controller/contentproject_controller.go:284.40,287.3 1 0
github.com/mborodin/uyuni-operator/internal/controller/contentproject_controller.go:289.2,289.27 1 0
github.com/mborodin/uyuni-operator/internal/controller/contentproject_controller.go:289.27,291.104 2 0
github.com/mborodin/uyuni-operator/internal/controller/contentproject_controller.go:291.104,292.41 1 0
github.com/mborodin/uyuni-operator/internal/controller/contentproject_controller.go:292.41,294.5 1 0
github.com/mborodin/uyuni-operator/internal/controller/contentproject_controller.go:295.4,296.12 2 0
github.com/mborodin/uyuni-operator/internal/controller/contentproject_controller.go:298.3,298.28 1 0
github.com/mborodin/uyuni-operator/internal/controller/contentproject_controller.go:298.28,300.12 2 0
github.com/mborodin/uyuni-operator/internal/controller/contentproject_controller.go:302.3,302.43 1 0
github.com/mborodin/uyuni-operator/internal/controller/contentproject_controller.go:304.2,304.29 1 0
github.com/mborodin/uyuni-operator/internal/controller/contentproject_controller.go:307.127,313.2 1 0
github.com/mborodin/uyuni-operator/internal/controller/contentproject_controller.go:318.94,320.25 2 0
github.com/mborodin/uyuni-operator/internal/controller/contentproject_controller.go:320.25,322.3 1 0
github.com/mborodin/uyuni-operator/internal/controller/contentproject_controller.go:323.2,326.6 4 0
github.com/mborodin/uyuni-operator/internal/controller/contentproject_controller.go:326.6,328.33 2 0
github.com/mborodin/uyuni-operator/internal/controller/contentproject_controller.go:328.33,329.9 1 0
github.com/mborodin/uyuni-operator/internal/controller/contentproject_controller.go:331.3,333.22 3 0
github.com/mborodin/uyuni-operator/internal/controller/contentproject_controller.go:335.2,335.12 1 0
github.com/mborodin/uyuni-operator/internal/controller/contentproject_controller.go:338.140,344.16 4 0
github.com/mborodin/uyuni-operator/internal/controller/contentproject_controller.go:344.16,346.3 1 0
github.com/mborodin/uyuni-operator/internal/controller/contentproject_controller.go:347.2,351.32 3 0
github.com/mborodin/uyuni-operator/internal/controller/contentproject_controller.go:351.32,353.3 1 0
github.com/mborodin/uyuni-operator/internal/controller/contentproject_controller.go:355.2,357.33 3 0
github.com/mborodin/uyuni-operator/internal/controller/contentproject_controller.go:357.33,360.3 2 0
github.com/mborodin/uyuni-operator/internal/controller/contentproject_controller.go:361.2,364.39 2 0
github.com/mborodin/uyuni-operator/internal/controller/contentproject_controller.go:364.39,365.25 1 0
github.com/mborodin/uyuni-operator/internal/controller/contentproject_controller.go:365.25,367.91 2 0
github.com/mborodin/uyuni-operator/internal/controller/contentproject_controller.go:367.91,370.5 2 0
github.com/mborodin/uyuni-operator/internal/controller/contentproject_controller.go:371.4,371.114 1 0
github.com/mborodin/uyuni-operator/internal/controller/contentproject_controller.go:376.2,376.33 1 0
github.com/mborodin/uyuni-operator/internal/controller/contentproject_controller.go:376.33,377.19 1 0
github.com/mborodin/uyuni-operator/internal/controller/contentproject_controller.go:377.19,378.12 1 0
github.com/mborodin/uyuni-operator/internal/controller/contentproject_controller.go:380.3,380.26 1 0
github.com/mborodin/uyuni-operator/internal/controller/contentproject_controller.go:380.26,382.70 2 0
github.com/mborodin/uyuni-operator/internal/controller/contentproject_controller.go:382.70,385.5 2 0
github.com/mborodin/uyuni-operator/internal/controller/contentproject_controller.go:386.4,386.93 1 0
github.com/mborodin/uyuni-operator/internal/controller/contentproject_controller.go:390.2,390.12 1 0
github.com/mborodin/uyuni-operator/internal/controller/contentproject_controller.go:393.130,395.16 2 0
github.com/mborodin/uyuni-operator/internal/controller/contentproject_controller.go:395.16,399.3 2 0
github.com/mborodin/uyuni-operator/internal/controller/contentproject_controller.go:400.2,401.24 2 0
github.com/mborodin/uyuni-operator/internal/controller/contentproject_controller.go:401.24,403.3 1 0
github.com/mborodin/uyuni-operator/internal/controller/contentproject_controller.go:405.2,405.32 1 0
github.com/mborodin/uyuni-operator/internal/controller/contentproject_controller.go:405.32,407.3 1 0
github.com/mborodin/uyuni-operator/internal/controller/contentproject_controller.go:408.2,411.36 3 0
github.com/mborodin/uyuni-operator/internal/controller/contentproject_controller.go:411.36,418.46 4 0
github.com/mborodin/uyuni-operator/internal/controller/contentproject_controller.go:418.46,425.36 3 0
github.com/mborodin/uyuni-operator/internal/controller/contentproject_controller.go:425.36,426.88 1 0
github.com/mborodin/uyuni-operator/internal/controller/contentproject_controller.go:426.88,428.6 1 0
github.com/mborodin/uyuni-operator/internal/controller/contentproject_controller.go:429.5,429.26 1 0
github.com/mborodin/uyuni-operator/internal/controller/contentproject_controller.go:431.4,432.12 2 0
github.com/mborodin/uyuni-operator/internal/controller/contentproject_controller.go:435.3,436.17 2 0
github.com/mborodin/uyuni-operator/internal/controller/contentproject_controller.go:436.17,438.4 1 0
github.com/mborodin/uyuni-operator/internal/controller/contentproject_controller.go:439.3,439.73 1 0
github.com/mborodin/uyuni-operator/internal/controller/contentproject_controller.go:439.73,441.4 1 0
github.com/mborodin/uyuni-operator/internal/controller/contentproject_controller.go:442.3,443.24 2 0
github.com/mborodin/uyuni-operator/internal/controller/contentproject_controller.go:446.2,446.44 1 0
github.com/mborodin/uyuni-operator/internal/controller/contentproject_controller.go:446.44,447.25 1 0
github.com/mborodin/uyuni-operator/internal/controller/contentproject_controller.go:447.25,448.12 1 0
github.com/mborodin/uyuni-operator/internal/controller/contentproject_controller.go:451.3,451.65 1 0
github.com/mborodin/uyuni-operator/internal/controller/contentproject_controller.go:451.65,454.4 2 0
github.com/mborodin/uyuni-operator/internal/controller/contentproject_controller.go:455.3,462.50 4 0
github.com/mborodin/uyuni-operator/internal/controller/contentproject_controller.go:462.50,463.29 1 0
github.com/mborodin/uyuni-operator/internal/controller/contentproject_controller.go:463.29,466.5 1 0
github.com/mborodin/uyuni-operator/internal/controller/contentproject_controller.go:466.10,466.107 1 0
github.com/mborodin/uyuni-operator/internal/controller/contentproject_controller.go:466.107,472.95 4 0
github.com/mborodin/uyuni-operator/internal/controller/contentproject_controller.go:472.95,473.45 1 0
github.com/mborodin/uyuni-operator/internal/controller/contentproject_controller.go:473.45,474.31 1 0
github.com/mborodin/uyuni-operator/internal/controller/contentproject_controller.go:474.31,476.16 1 0
github.com/mborodin/uyuni-operator/internal/controller/contentproject_controller.go:479.7,479.65 1 0
github.com/mborodin/uyuni-operator/internal/controller/contentproject_controller.go:479.65,482.8 2 0
github.com/mborodin/uyuni-operator/internal/controller/contentproject_controller.go:486.5,486.27 1 0
github.com/mborodin/uyuni-operator/internal/controller/contentproject_controller.go:486.27,488.6 1 0
github.com/mborodin/uyuni-operator/internal/controller/contentproject_controller.go:488.11,492.63 2 0
github.com/mborodin/uyuni-operator/internal/controller/contentproject_controller.go:492.63,494.7 1 0
github.com/mborodin/uyuni-operator/internal/controller/contentproject_controller.go:494.12,496.7 1 0
github.com/mborodin/uyuni-operator/internal/controller/contentproject_controller.go:498.10,501.5 1 0
github.com/mborodin/uyuni-operator/internal/controller/contentproject_controller.go:502.9,505.4 1 0
github.com/mborodin/uyuni-operator/internal/controller/contentproject_controller.go:507.2,507.28 1 0
github.com/mborodin/uyuni-operator/internal/controller/contentproject_controller.go:510.130,513.80 2 0
github.com/mborodin/uyuni-operator/internal/controller/contentproject_controller.go:513.80,518.3 4 0
github.com/mborodin/uyuni-operator/internal/controller/contentproject_controller.go:521.2,522.36 2 0
github.com/mborodin/uyuni-operator/internal/controller/contentproject_controller.go:522.36,523.42 1 0
github.com/mborodin/uyuni-operator/internal/controller/contentproject_controller.go:523.42,529.4 2 0
github.com/mborodin/uyuni-operator/internal/controller/contentproject_controller.go:532.2,535.12 4 0
github.com/mborodin/uyuni-operator/internal/controller/contentproject_controller.go:540.84,543.43 1 0
github.com/mborodin/uyuni-operator/internal/controller/contentproject_controller.go:543.43,546.3 2 0
github.com/mborodin/uyuni-operator/internal/controller/contentproject_controller.go:547.2,547.13 1 0
github.com/mborodin/uyuni-operator/internal/controller/contentproject_controller.go:550.85,552.31 1 0
github.com/mborodin/uyuni-operator/internal/controller/contentproject_controller.go:552.31,554.3 1 0
github.com/mborodin/uyuni-operator/internal/controller/contentproject_controller.go:555.2,555.54 1 0
github.com/mborodin/uyuni-operator/internal/controller/contentproject_controller.go:555.54,559.3 2 0
github.com/mborodin/uyuni-operator/internal/controller/contentproject_controller.go:560.2,560.13 1 0
github.com/mborodin/uyuni-operator/internal/controller/contentproject_controller.go:563.111,566.80 2 0
github.com/mborodin/uyuni-operator/internal/controller/contentproject_controller.go:566.80,569.3 2 0
github.com/mborodin/uyuni-operator/internal/controller/contentproject_controller.go:571.2,572.36 2 0
github.com/mborodin/uyuni-operator/internal/controller/contentproject_controller.go:572.36,573.42 1 0
github.com/mborodin/uyuni-operator/internal/controller/contentproject_controller.go:573.42,575.47 1 0
github.com/mborodin/uyuni-operator/internal/controller/contentproject_controller.go:575.47,576.68 1 0
github.com/mborodin/uyuni-operator/internal/controller/contentproject_controller.go:576.68,578.11 2 0
github.com/mborodin/uyuni-operator/internal/controller/contentproject_controller.go:584.2,585.32 2 0
github.com/mborodin/uyuni-operator/internal/controller/contentproject_controller.go:585.32,589.3 2 0
github.com/mborodin/uyuni-operator/internal/controller/contentproject_controller.go:590.2,590.13 1 0
github.com/mborodin/uyuni-operator/internal/controller/contentproject_controller.go:593.94,596.16 2 0
github.com/mborodin/uyuni-operator/internal/controller/contentproject_controller.go:596.16,599.3 2 0
github.com/mborodin/uyuni-operator/internal/controller/contentproject_controller.go:602.2,603.50 2 0
github.com/mborodin/uyuni-operator/internal/controller/contentproject_controller.go:603.50,606.3 2 0
github.com/mborodin/uyuni-operator/internal/controller/contentproject_controller.go:609.2,610.41 2 0
github.com/mborodin/uyuni-operator/internal/controller/contentproject_controller.go:610.41,611.49 1 0
github.com/mborodin/uyuni-operator/internal/controller/contentproject_controller.go:611.49,613.4 1 0
github.com/mborodin/uyuni-operator/internal/controller/contentproject_controller.go:617.2,617.36 1 0
github.com/mborodin/uyuni-operator/internal/controller/contentproject_controller.go:617.36,618.33 1 0
github.com/mborodin/uyuni-operator/internal/controller/contentproject_controller.go:618.33,620.58 2 0
github.com/mborodin/uyuni-operator/internal/controller/contentproject_controller.go:620.58,622.5 1 0
github.com/mborodin/uyuni-operator/internal/controller/contentproject_controller.go:622.10,624.5 1 0
github.com/mborodin/uyuni-operator/internal/controller/contentproject_controller.go:629.143,630.41 1 0
github.com/mborodin/uyuni-operator/internal/controller/contentproject_controller.go:630.41,632.3 1 0
github.com/mborodin/uyuni-operator/internal/controller/contentproject_controller.go:633.2,633.20 1 0
github.com/mborodin/uyuni-operator/internal/controller/contentproject_controller.go:633.20,635.28 1 0
github.com/mborodin/uyuni-operator/internal/controller/contentproject_controller.go:635.28,638.4 2 0
github.com/mborodin/uyuni-operator/internal/controller/contentproject_controller.go:639.3,639.29 1 0
github.com/mborodin/uyuni-operator/internal/controller/contentproject_controller.go:639.29,642.4 2 0
github.com/mborodin/uyuni-operator/internal/controller/contentproject_controller.go:643.3,644.27 2 0
github.com/mborodin/uyuni-operator/internal/controller/contentproject_controller.go:648.2,652.70 4 0
github.com/mborodin/uyuni-operator/internal/controller/contentproject_controller.go:652.70,655.39 1 0
github.com/mborodin/uyuni-operator/internal/controller/contentproject_controller.go:655.39,658.4 2 0
github.com/mborodin/uyuni-operator/internal/controller/contentproject_controller.go:659.3,660.27 2 0
github.com/mborodin/uyuni-operator/internal/controller/contentproject_controller.go:662.2,662.36 1 0
github.com/mborodin/uyuni-operator/internal/controller/contentproject_controller.go:662.36,664.49 2 0
github.com/mborodin/uyuni-operator/internal/controller/contentproject_controller.go:664.49,666.4 1 0
github.com/mborodin/uyuni-operator/internal/controller/contentproject_controller.go:668.2,668.34 1 0
github.com/mborodin/uyuni-operator/internal/controller/contentproject_controller.go:668.34,670.44 2 0
github.com/mborodin/uyuni-operator/internal/controller/contentproject_controller.go:670.44,672.4 1 0
github.com/mborodin/uyuni-operator/internal/controller/contentproject_controller.go:674.2,674.11 1 0
github.com/mborodin/uyuni-operator/internal/controller/contentproject_controller.go:677.91,678.34 1 0
github.com/mborodin/uyuni-operator/internal/controller/contentproject_controller.go:678.34,680.3 1 0
github.com/mborodin/uyuni-operator/internal/controller/contentproject_controller.go:681.2,682.16 2 0
github.com/mborodin/uyuni-operator/internal/controller/contentproject_controller.go:682.16,685.3 1 0
github.com/mborodin/uyuni-operator/internal/controller/contentproject_controller.go:686.2,687.41 2 0
github.com/mborodin/uyuni-operator/internal/controller/contentproject_controller.go:687.41,689.3 1 0
github.com/mborodin/uyuni-operator/internal/controller/contentproject_controller.go:690.2,690.25 1 0
github.com/mborodin/uyuni-operator/internal/controller/contentproject_controller.go:693.49,696.27 3 0
github.com/mborodin/uyuni-operator/internal/controller/contentproject_controller.go:696.27,699.3 2 0
github.com/mborodin/uyuni-operator/internal/controller/contentproject_controller.go:700.2,700.43 1 0
github.com/mborodin/uyuni-operator/internal/controller/contentproject_controller.go:703.89,705.33 2 0
github.com/mborodin/uyuni-operator/internal/controller/contentproject_controller.go:705.33,707.3 1 0
github.com/mborodin/uyuni-operator/internal/controller/contentproject_controller.go:708.2,708.12 1 0
github.com/mborodin/uyuni-operator/internal/controller/contentproject_controller.go:711.94,712.24 1 0
github.com/mborodin/uyuni-operator/internal/controller/contentproject_controller.go:712.24,713.31 1 0
github.com/mborodin/uyuni-operator/internal/controller/contentproject_controller.go:713.31,715.4 1 0
github.com/mborodin/uyuni-operator/internal/controller/contentproject_controller.go:717.2,717.12 1 0
github.com/mborodin/uyuni-operator/internal/controller/contentproject_controller.go:722.137,726.2 3 0
github.com/mborodin/uyuni-operator/internal/controller/contentproject_controller.go:728.77,740.2 1 0
github.com/mborodin/uyuni-operator/internal/controller/contentproject_controller.go:742.115,744.83 2 0
github.com/mborodin/uyuni-operator/internal/controller/contentproject_controller.go:744.83,746.3 1 0
github.com/mborodin/uyuni-operator/internal/controller/contentproject_controller.go:747.2,748.32 2 0
github.com/mborodin/uyuni-operator/internal/controller/contentproject_controller.go:748.32,749.42 1 0
github.com/mborodin/uyuni-operator/internal/controller/contentproject_controller.go:749.42,750.33 1 0
github.com/mborodin/uyuni-operator/internal/controller/contentproject_controller.go:750.33,754.10 2 0
github.com/mborodin/uyuni-operator/internal/controller/contentproject_controller.go:758.2,758.12 1 0
github.com/mborodin/uyuni-operator/internal/controller/contentproject_controller.go:761.115,763.9 2 0
github.com/mborodin/uyuni-operator/internal/controller/contentproject_controller.go:763.9,765.3 1 0
github.com/mborodin/uyuni-operator/internal/controller/contentproject_controller.go:766.2,768.4 1 0
github.com/mborodin/uyuni-operator/internal/controller/contentproject_controller.go:771.118,775.83 2 0
github.com/mborodin/uyuni-operator/internal/controller/contentproject_controller.go:775.83,777.3 1 0
github.com/mborodin/uyuni-operator/internal/controller/contentproject_controller.go:778.2,779.32 2 0
github.com/mborodin/uyuni-operator/internal/controller/contentproject_controller.go:779.32,783.3 1 0
github.com/mborodin/uyuni-operator/internal/controller/contentproject_controller.go:784.2,784.12 1 0
github.com/mborodin/uyuni-operator/internal/controller/contentproject_controller.go:787.117,791.9 2 0
github.com/mborodin/uyuni-operator/internal/controller/contentproject_controller.go:791.9,793.3 1 0
github.com/mborodin/uyuni-operator/internal/controller/contentproject_controller.go:794.2,796.4 1 0
github.com/mborodin/uyuni-operator/internal/controller/contentprojectpromotion_controller.go:27.115,29.59 2 0
github.com/mborodin/uyuni-operator/internal/controller/contentprojectpromotion_controller.go:29.59,31.3 1 0
github.com/mborodin/uyuni-operator/internal/controller/contentprojectpromotion_controller.go:34.2,34.32 1 0
github.com/mborodin/uyuni-operator/internal/controller/contentprojectpromotion_controller.go:34.32,35.74 1 0
github.com/mborodin/uyuni-operator/internal/controller/contentprojectpromotion_controller.go:35.74,37.27 2 0
github.com/mborodin/uyuni-operator/internal/controller/contentprojectpromotion_controller.go:37.27,39.5 1 0
github.com/mborodin/uyuni-operator/internal/controller/contentprojectpromotion_controller.go:40.4,40.59 1 0
github.com/mborodin/uyuni-operator/internal/controller/contentprojectpromotion_controller.go:42.3,42.28 1 0
github.com/mborodin/uyuni-operator/internal/controller/contentprojectpromotion_controller.go:45.2,46.16 2 0
github.com/mborodin/uyuni-operator/internal/controller/contentprojectpromotion_controller.go:46.16,48.3 1 0
github.com/mborodin/uyuni-operator/internal/controller/contentprojectpromotion_controller.go:50.2,50.106 1 0
github.com/mborodin/uyuni-operator/internal/controller/contentprojectpromotion_controller.go:50.106,52.3 1 0
github.com/mborodin/uyuni-operator/internal/controller/contentprojectpromotion_controller.go:54.2,55.116 2 0
github.com/mborodin/uyuni-operator/internal/controller/contentprojectpromotion_controller.go:55.116,57.3 1 0
github.com/mborodin/uyuni-operator/internal/controller/contentprojectpromotion_controller.go:62.2,63.24 2 0
github.com/mborodin/uyuni-operator/internal/controller/contentprojectpromotion_controller.go:63.24,67.3 1 0
github.com/mborodin/uyuni-operator/internal/controller/contentprojectpromotion_controller.go:69.2,69.70 1 0
github.com/mborodin/uyuni-operator/internal/controller/contentprojectpromotion_controller.go:69.70,73.3 1 0
github.com/mborodin/uyuni-operator/internal/controller/contentprojectpromotion_controller.go:75.2,75.37 1 0
github.com/mborodin/uyuni-operator/internal/controller/contentprojectpromotion_controller.go:75.37,76.36 1 0
github.com/mborodin/uyuni-operator/internal/controller/contentprojectpromotion_controller.go:76.36,80.4 1 0
github.com/mborodin/uyuni-operator/internal/controller/contentprojectpromotion_controller.go:81.3,81.62 1 0
github.com/mborodin/uyuni-operator/internal/controller/contentprojectpromotion_controller.go:81.62,85.4 1 0
github.com/mborodin/uyuni-operator/internal/controller/contentprojectpromotion_controller.go:88.2,88.41 1 0
github.com/mborodin/uyuni-operator/internal/controller/contentprojectpromotion_controller.go:88.41,92.3 1 0
github.com/mborodin/uyuni-operator/internal/controller/contentprojectpromotion_controller.go:96.2,97.31 2 0
github.com/mborodin/uyuni-operator/internal/controller/contentprojectpromotion_controller.go:97.31,101.52 4 0
github.com/mborodin/uyuni-operator/internal/controller/contentprojectpromotion_controller.go:101.52,103.4 1 0
github.com/mborodin/uyuni-operator/internal/controller/contentprojectpromotion_controller.go:106.2,106.86 1 0
github.com/mborodin/uyuni-operator/internal/controller/contentprojectpromotion_controller.go:106.86,108.3 1 0
github.com/mborodin/uyuni-operator/internal/controller/contentprojectpromotion_controller.go:111.2,112.16 2 0
github.com/mborodin/uyuni-operator/internal/controller/contentprojectpromotion_controller.go:112.16,114.3 1 0
github.com/mborodin/uyuni-operator/internal/controller/contentprojectpromotion_controller.go:115.2,116.22 2 0
github.com/mborodin/uyuni-operator/internal/controller/contentprojectpromotion_controller.go:116.22,117.44 1 0
github.com/mborodin/uyuni-operator/internal/controller/contentprojectpromotion_controller.go:117.44,119.9 2 0
github.com/mborodin/uyuni-operator/internal/controller/contentprojectpromotion_controller.go:122.2,122.19 1 0
github.com/mborodin/uyuni-operator/internal/controller/contentprojectpromotion_controller.go:122.19,124.3 1 0
github.com/mborodin/uyuni-operator/internal/controller/contentprojectpromotion_controller.go:126.2,126.23 1 0
github.com/mborodin/uyuni-operator/internal/controller/contentprojectpromotion_controller.go:127.48,128.58 1 0
github.com/mborodin/uyuni-operator/internal/controller/contentprojectpromotion_controller.go:129.16,130.81 1 0
github.com/mborodin/uyuni-operator/internal/controller/contentprojectpromotion_controller.go:131.15,136.52 5 0
github.com/mborodin/uyuni-operator/internal/controller/contentprojectpromotion_controller.go:136.52,138.4 1 0
github.com/mborodin/uyuni-operator/internal/controller/contentprojectpromotion_controller.go:139.3,139.43 1 0
github.com/mborodin/uyuni-operator/internal/controller/contentprojectpromotion_controller.go:139.43,141.4 1 0
github.com/mborodin/uyuni-operator/internal/controller/contentprojectpromotion_controller.go:142.3,142.28 1 0
github.com/mborodin/uyuni-operator/internal/controller/contentprojectpromotion_controller.go:143.10,144.58 1 0
github.com/mborodin/uyuni-operator/internal/controller/contentprojectpromotion_controller.go:148.139,154.52 6 0
github.com/mborodin/uyuni-operator/internal/controller/contentprojectpromotion_controller.go:154.52,156.3 1 0
github.com/mborodin/uyuni-operator/internal/controller/contentprojectpromotion_controller.go:157.2,157.42 1 0
github.com/mborodin/uyuni-operator/internal/controller/contentprojectpromotion_controller.go:157.42,159.3 1 0
github.com/mborodin/uyuni-operator/internal/controller/contentprojectpromotion_controller.go:160.2,160.27 1 0
github.com/mborodin/uyuni-operator/internal/controller/contentprojectpromotion_controller.go:163.172,166.50 3 0
github.com/mborodin/uyuni-operator/internal/controller/contentprojectpromotion_controller.go:166.50,168.3 1 0
github.com/mborodin/uyuni-operator/internal/controller/contentprojectpromotion_controller.go:169.2,169.46 1 0
github.com/mborodin/uyuni-operator/internal/controller/contentprojectpromotion_controller.go:172.36,174.2 1 0
github.com/mborodin/uyuni-operator/internal/controller/contentprojectpromotion_controller.go:176.86,180.2 1 0
github.com/mborodin/uyuni-operator/internal/controller/custominfokey_controller.go:29.105,31.61 2 0
github.com/mborodin/uyuni-operator/internal/controller/custominfokey_controller.go:31.61,33.3 1 0
github.com/mborodin/uyuni-operator/internal/controller/custominfokey_controller.go:35.2,35.37 1 0
github.com/mborodin/uyuni-operator/internal/controller/custominfokey_controller.go:35.37,37.3 1 0
github.com/mborodin/uyuni-operator/internal/controller/custominfokey_controller.go:39.2,40.16 2 0
github.com/mborodin/uyuni-operator/internal/controller/custominfokey_controller.go:40.16,42.3 1 0
github.com/mborodin/uyuni-operator/internal/controller/custominfokey_controller.go:44.2,44.41 1 0
github.com/mborodin/uyuni-operator/internal/controller/custominfokey_controller.go:44.41,46.3 1 0
github.com/mborodin/uyuni-operator/internal/controller/custominfokey_controller.go:48.2,48.110 1 0
github.com/mborodin/uyuni-operator/internal/controller/custominfokey_controller.go:48.110,50.3 1 0
github.com/mborodin/uyuni-operator/internal/controller/custominfokey_controller.go:52.2,53.16 2 0
github.com/mborodin/uyuni-operator/internal/controller/custominfokey_controller.go:53.16,55.3 1 0
github.com/mborodin/uyuni-operator/internal/controller/custominfokey_controller.go:56.2,56.21 1 0
github.com/mborodin/uyuni-operator/internal/controller/custominfokey_controller.go:56.21,57.91 1 0
github.com/mborodin/uyuni-operator/internal/controller/custominfokey_controller.go:57.91,59.4 1 0
github.com/mborodin/uyuni-operator/internal/controller/custominfokey_controller.go:61.3,61.51 1 0
github.com/mborodin/uyuni-operator/internal/controller/custominfokey_controller.go:62.8,62.57 1 0
github.com/mborodin/uyuni-operator/internal/controller/custominfokey_controller.go:62.57,63.91 1 0
github.com/mborodin/uyuni-operator/internal/controller/custominfokey_controller.go:63.91,65.4 1 0
github.com/mborodin/uyuni-operator/internal/controller/custominfokey_controller.go:68.2,68.21 1 0
github.com/mborodin/uyuni-operator/internal/controller/custominfokey_controller.go:68.21,70.3 1 0
github.com/mborodin/uyuni-operator/internal/controller/custominfokey_controller.go:71.2,73.53 3 0
github.com/mborodin/uyuni-operator/internal/controller/custominfokey_controller.go:73.53,75.3 1 0
github.com/mborodin/uyuni-operator/internal/controller/custominfokey_controller.go:76.2,76.57 1 0
github.com/mborodin/uyuni-operator/internal/controller/custominfokey_controller.go:79.120,80.43 1 0
github.com/mborodin/uyuni-operator/internal/controller/custominfokey_controller.go:80.43,82.3 1 0
github.com/mborodin/uyuni-operator/internal/controller/custominfokey_controller.go:83.2,83.55 1 0
github.com/mborodin/uyuni-operator/internal/controller/custominfokey_controller.go:83.55,86.3 2 0
github.com/mborodin/uyuni-operator/internal/controller/custominfokey_controller.go:90.2,91.16 2 0
github.com/mborodin/uyuni-operator/internal/controller/custominfokey_controller.go:91.16,93.3 1 0
github.com/mborodin/uyuni-operator/internal/controller/custominfokey_controller.go:94.2,94.19 1 0
github.com/mborodin/uyuni-operator/internal/controller/custominfokey_controller.go:94.19,99.3 3 0
github.com/mborodin/uyuni-operator/internal/controller/custominfokey_controller.go:101.2,102.16 2 0
github.com/mborodin/uyuni-operator/internal/controller/custominfokey_controller.go:102.16,104.3 1 0
github.com/mborodin/uyuni-operator/internal/controller/custominfokey_controller.go:105.2,105.94 1 0
github.com/mborodin/uyuni-operator/internal/controller/custominfokey_controller.go:105.94,107.3 1 0
github.com/mborodin/uyuni-operator/internal/controller/custominfokey_controller.go:108.2,109.42 2 0
github.com/mborodin/uyuni-operator/internal/controller/custominfokey_controller.go:112.129,114.16 2 0
github.com/mborodin/uyuni-operator/internal/controller/custominfokey_controller.go:114.16,116.3 1 0
github.com/mborodin/uyuni-operator/internal/controller/custominfokey_controller.go:117.2,117.22 1 0
github.com/mborodin/uyuni-operator/internal/controller/custominfokey_controller.go:117.22,118.29 1 0
github.com/mborodin/uyuni-operator/internal/controller/custominfokey_controller.go:118.29,120.4 1 0
github.com/mborodin/uyuni-operator/internal/controller/custominfokey_controller.go:122.2,122.17 1 0
github.com/mborodin/uyuni-operator/internal/controller/custominfokey_controller.go:127.121,129.78 2 0
github.com/mborodin/uyuni-operator/internal/controller/custominfokey_controller.go:129.78,131.3 1 0
github.com/mborodin/uyuni-operator/internal/controller/custominfokey_controller.go:132.2,133.33 2 0
github.com/mborodin/uyuni-operator/internal/controller/custominfokey_controller.go:133.33,134.47 1 0
github.com/mborodin/uyuni-operator/internal/controller/custominfokey_controller.go:134.47,135.33 1 0
github.com/mborodin/uyuni-operator/internal/controller/custominfokey_controller.go:135.33,137.10 2 0
github.com/mborodin/uyuni-operator/internal/controller/custominfokey_controller.go:141.2,141.17 1 0
github.com/mborodin/uyuni-operator/internal/controller/custominfokey_controller.go:144.136,148.2 3 0
github.com/mborodin/uyuni-operator/internal/controller/custominfokey_controller.go:150.76,156.2 1 0
github.com/mborodin/uyuni-operator/internal/controller/custominfokey_controller.go:158.109,160.9 2 0
github.com/mborodin/uyuni-operator/internal/controller/custominfokey_controller.go:160.9,162.3 1 0
github.com/mborodin/uyuni-operator/internal/controller/custominfokey_controller.go:163.2,164.46 2 0
github.com/mborodin/uyuni-operator/internal/controller/custominfokey_controller.go:164.46,168.3 1 0
github.com/mborodin/uyuni-operator/internal/controller/custominfokey_controller.go:169.2,169.12 1 0
github.com/mborodin/uyuni-operator/internal/controller/finalizers.go:7.62,8.40 1 0
github.com/mborodin/uyuni-operator/internal/controller/finalizers.go:8.40,9.19 1 0
github.com/mborodin/uyuni-operator/internal/controller/finalizers.go:9.19,11.4 1 0
github.com/mborodin/uyuni-operator/internal/controller/finalizers.go:13.2,14.13 2 0
github.com/mborodin/uyuni-operator/internal/controller/finalizers.go:18.64,19.40 1 0
github.com/mborodin/uyuni-operator/internal/controller/finalizers.go:19.40,20.19 1 0
github.com/mborodin/uyuni-operator/internal/controller/finalizers.go:20.19,22.4 1 0
github.com/mborodin/uyuni-operator/internal/controller/finalizers.go:24.2,24.14 1 0
github.com/mborodin/uyuni-operator/internal/controller/finalizers.go:28.57,31.31 3 0
github.com/mborodin/uyuni-operator/internal/controller/finalizers.go:31.31,32.19 1 0
github.com/mborodin/uyuni-operator/internal/controller/finalizers.go:32.19,34.4 1 0
github.com/mborodin/uyuni-operator/internal/controller/finalizers.go:36.2,36.24 1 0
github.com/mborodin/uyuni-operator/internal/controller/imagebuild_controller.go:35.102,37.60 2 0
github.com/mborodin/uyuni-operator/internal/controller/imagebuild_controller.go:37.60,39.3 1 0
github.com/mborodin/uyuni-operator/internal/controller/imagebuild_controller.go:42.2,43.123 2 0
github.com/mborodin/uyuni-operator/internal/controller/imagebuild_controller.go:43.123,44.40 1 0
github.com/mborodin/uyuni-operator/internal/controller/imagebuild_controller.go:44.40,49.4 3 0
github.com/mborodin/uyuni-operator/internal/controller/imagebuild_controller.go:50.3,50.28 1 0
github.com/mborodin/uyuni-operator/internal/controller/imagebuild_controller.go:53.2,54.16 2 0
github.com/mborodin/uyuni-operator/internal/controller/imagebuild_controller.go:54.16,56.3 1 0
github.com/mborodin/uyuni-operator/internal/controller/imagebuild_controller.go:58.2,58.36 1 0
github.com/mborodin/uyuni-operator/internal/controller/imagebuild_controller.go:58.36,60.3 1 0
github.com/mborodin/uyuni-operator/internal/controller/imagebuild_controller.go:61.2,61.39 1 0
github.com/mborodin/uyuni-operator/internal/controller/imagebuild_controller.go:61.39,63.3 1 0
github.com/mborodin/uyuni-operator/internal/controller/imagebuild_controller.go:65.2,65.113 1 0
github.com/mborodin/uyuni-operator/internal/controller/imagebuild_controller.go:65.113,67.3 1 0
github.com/mborodin/uyuni-operator/internal/controller/imagebuild_controller.go:74.2,74.106 1 0
github.com/mborodin/uyuni-operator/internal/controller/imagebuild_controller.go:74.106,79.3 3 0
github.com/mborodin/uyuni-operator/internal/controller/imagebuild_controller.go:82.2,83.25 2 0
github.com/mborodin/uyuni-operator/internal/controller/imagebuild_controller.go:83.25,85.3 1 0
github.com/mborodin/uyuni-operator/internal/controller/imagebuild_controller.go:86.2,86.25 1 0
github.com/mborodin/uyuni-operator/internal/controller/imagebuild_controller.go:86.25,88.3 1 0
github.com/mborodin/uyuni-operator/internal/controller/imagebuild_controller.go:89.2,90.16 2 0
github.com/mborodin/uyuni-operator/internal/controller/imagebuild_controller.go:90.16,92.3 1 0
github.com/mborodin/uyuni-operator/internal/controller/imagebuild_controller.go:93.2,93.22 1 0
github.com/mborodin/uyuni-operator/internal/controller/imagebuild_controller.go:93.22,98.3 3 0
github.com/mborodin/uyuni-operator/internal/controller/imagebuild_controller.go:102.2,102.51 1 0
github.com/mborodin/uyuni-operator/internal/controller/imagebuild_controller.go:102.51,115.50 13 0
github.com/mborodin/uyuni-operator/internal/controller/imagebuild_controller.go:115.50,117.4 1 0
github.com/mborodin/uyuni-operator/internal/controller/imagebuild_controller.go:121.2,121.29 1 0
github.com/mborodin/uyuni-operator/internal/controller/imagebuild_controller.go:121.29,126.25 1 0
github.com/mborodin/uyuni-operator/internal/controller/imagebuild_controller.go:126.25,128.118 2 0
github.com/mborodin/uyuni-operator/internal/controller/imagebuild_controller.go:128.118,130.5 1 0
github.com/mborodin/uyuni-operator/internal/controller/imagebuild_controller.go:133.3,134.20 2 0
github.com/mborodin/uyuni-operator/internal/controller/imagebuild_controller.go:134.20,136.4 1 0
github.com/mborodin/uyuni-operator/internal/controller/imagebuild_controller.go:137.3,138.30 2 0
github.com/mborodin/uyuni-operator/internal/controller/imagebuild_controller.go:138.30,140.4 1 0
github.com/mborodin/uyuni-operator/internal/controller/imagebuild_controller.go:143.3,145.17 3 0
github.com/mborodin/uyuni-operator/internal/controller/imagebuild_controller.go:145.17,147.4 1 0
github.com/mborodin/uyuni-operator/internal/controller/imagebuild_controller.go:148.3,155.53 8 0
github.com/mborodin/uyuni-operator/internal/controller/imagebuild_controller.go:155.53,157.4 1 0
github.com/mborodin/uyuni-operator/internal/controller/imagebuild_controller.go:158.3,158.58 1 0
github.com/mborodin/uyuni-operator/internal/controller/imagebuild_controller.go:162.2,163.20 2 0
github.com/mborodin/uyuni-operator/internal/controller/imagebuild_controller.go:163.20,165.3 1 0
github.com/mborodin/uyuni-operator/internal/controller/imagebuild_controller.go:167.2,168.52 2 0
github.com/mborodin/uyuni-operator/internal/controller/imagebuild_controller.go:168.52,170.3 1 0
github.com/mborodin/uyuni-operator/internal/controller/imagebuild_controller.go:171.2,171.48 1 0
github.com/mborodin/uyuni-operator/internal/controller/imagebuild_controller.go:174.127,175.41 1 0
github.com/mborodin/uyuni-operator/internal/controller/imagebuild_controller.go:175.41,177.3 1 0
github.com/mborodin/uyuni-operator/internal/controller/imagebuild_controller.go:178.2,178.67 1 0
github.com/mborodin/uyuni-operator/internal/controller/imagebuild_controller.go:178.67,182.92 1 0
github.com/mborodin/uyuni-operator/internal/controller/imagebuild_controller.go:182.92,184.4 1 0
github.com/mborodin/uyuni-operator/internal/controller/imagebuild_controller.go:186.2,187.41 2 0
github.com/mborodin/uyuni-operator/internal/controller/imagebuild_controller.go:190.109,192.97 2 0
github.com/mborodin/uyuni-operator/internal/controller/imagebuild_controller.go:192.97,193.40 1 0
github.com/mborodin/uyuni-operator/internal/controller/imagebuild_controller.go:193.40,195.4 1 0
github.com/mborodin/uyuni-operator/internal/controller/imagebuild_controller.go:196.3,196.16 1 0
github.com/mborodin/uyuni-operator/internal/controller/imagebuild_controller.go:198.2,198.38 1 0
github.com/mborodin/uyuni-operator/internal/controller/imagebuild_controller.go:215.125,217.16 2 0
github.com/mborodin/uyuni-operator/internal/controller/imagebuild_controller.go:217.16,219.3 1 0
github.com/mborodin/uyuni-operator/internal/controller/imagebuild_controller.go:225.2,225.28 1 0
github.com/mborodin/uyuni-operator/internal/controller/imagebuild_controller.go:225.28,226.58 1 0
github.com/mborodin/uyuni-operator/internal/controller/imagebuild_controller.go:226.58,228.29 2 0
github.com/mborodin/uyuni-operator/internal/controller/imagebuild_controller.go:228.29,229.75 1 0
github.com/mborodin/uyuni-operator/internal/controller/imagebuild_controller.go:229.75,231.6 1 0
github.com/mborodin/uyuni-operator/internal/controller/imagebuild_controller.go:233.4,233.28 1 0
github.com/mborodin/uyuni-operator/internal/controller/imagebuild_controller.go:237.2,237.23 1 0
github.com/mborodin/uyuni-operator/internal/controller/imagebuild_controller.go:238.19,242.31 4 0
github.com/mborodin/uyuni-operator/internal/controller/imagebuild_controller.go:243.16,246.16 3 0
github.com/mborodin/uyuni-operator/internal/controller/imagebuild_controller.go:246.16,248.4 1 0
github.com/mborodin/uyuni-operator/internal/controller/imagebuild_controller.go:249.3,250.31 2 0
github.com/mborodin/uyuni-operator/internal/controller/imagebuild_controller.go:256.2,257.32 2 0
github.com/mborodin/uyuni-operator/internal/controller/imagebuild_controller.go:257.32,259.3 1 0
github.com/mborodin/uyuni-operator/internal/controller/imagebuild_controller.go:260.2,261.32 2 0
github.com/mborodin/uyuni-operator/internal/controller/imagebuild_controller.go:261.32,263.3 1 0
github.com/mborodin/uyuni-operator/internal/controller/imagebuild_controller.go:264.2,264.52 1 0
github.com/mborodin/uyuni-operator/internal/controller/imagebuild_controller.go:264.52,269.3 3 0
github.com/mborodin/uyuni-operator/internal/controller/imagebuild_controller.go:271.2,271.28 1 0
github.com/mborodin/uyuni-operator/internal/controller/imagebuild_controller.go:271.28,274.3 2 0
github.com/mborodin/uyuni-operator/internal/controller/imagebuild_controller.go:274.8,277.3 2 0
github.com/mborodin/uyuni-operator/internal/controller/imagebuild_controller.go:278.2,278.30 1 0
github.com/mborodin/uyuni-operator/internal/controller/imagebuild_controller.go:284.110,285.28 1 0
github.com/mborodin/uyuni-operator/internal/controller/imagebuild_controller.go:285.28,287.3 1 0
github.com/mborodin/uyuni-operator/internal/controller/imagebuild_controller.go:288.2,289.28 2 0
github.com/mborodin/uyuni-operator/internal/controller/imagebuild_controller.go:289.28,291.3 1 0
github.com/mborodin/uyuni-operator/internal/controller/imagebuild_controller.go:292.2,293.21 2 0
github.com/mborodin/uyuni-operator/internal/controller/imagebuild_controller.go:293.21,295.3 1 0
github.com/mborodin/uyuni-operator/internal/controller/imagebuild_controller.go:296.2,300.28 5 0
github.com/mborodin/uyuni-operator/internal/controller/imagebuild_controller.go:300.28,302.24 2 0
github.com/mborodin/uyuni-operator/internal/controller/imagebuild_controller.go:302.24,304.4 1 0
github.com/mborodin/uyuni-operator/internal/controller/imagebuild_controller.go:306.2,306.25 1 0
github.com/mborodin/uyuni-operator/internal/controller/imagebuild_controller.go:310.56,312.16 2 0
github.com/mborodin/uyuni-operator/internal/controller/imagebuild_controller.go:312.16,314.3 1 0
github.com/mborodin/uyuni-operator/internal/controller/imagebuild_controller.go:315.2,316.27 2 0
github.com/mborodin/uyuni-operator/internal/controller/imagebuild_controller.go:316.27,317.19 1 0
github.com/mborodin/uyuni-operator/internal/controller/imagebuild_controller.go:317.19,319.4 1 0
github.com/mborodin/uyuni-operator/internal/controller/imagebuild_controller.go:321.2,321.12 1 0
github.com/mborodin/uyuni-operator/internal/controller/imagebuild_controller.go:324.129,328.2 3 0
github.com/mborodin/uyuni-operator/internal/controller/imagebuild_controller.go:330.73,336.2 1 0
github.com/mborodin/uyuni-operator/internal/controller/imagebuild_controller.go:338.109,340.83 2 0
github.com/mborodin/uyuni-operator/internal/controller/imagebuild_controller.go:340.83,342.3 1 0
github.com/mborodin/uyuni-operator/internal/controller/imagebuild_controller.go:343.2,344.32 2 0
github.com/mborodin/uyuni-operator/internal/controller/imagebuild_controller.go:344.32,345.47 1 0
github.com/mborodin/uyuni-operator/internal/controller/imagebuild_controller.go:345.47,349.4 1 0
github.com/mborodin/uyuni-operator/internal/controller/imagebuild_controller.go:351.2,351.12 1 0
github.com/mborodin/uyuni-operator/internal/controller/imageprofile_controller.go:37.104,39.60 2 0
github.com/mborodin/uyuni-operator/internal/controller/imageprofile_controller.go:39.60,41.3 1 0
github.com/mborodin/uyuni-operator/internal/controller/imageprofile_controller.go:43.2,43.36 1 0
github.com/mborodin/uyuni-operator/internal/controller/imageprofile_controller.go:43.36,45.3 1 0
github.com/mborodin/uyuni-operator/internal/controller/imageprofile_controller.go:47.2,48.16 2 0
github.com/mborodin/uyuni-operator/internal/controller/imageprofile_controller.go:48.16,50.3 1 0
github.com/mborodin/uyuni-operator/internal/controller/imageprofile_controller.go:52.2,52.39 1 0
github.com/mborodin/uyuni-operator/internal/controller/imageprofile_controller.go:52.39,54.3 1 0
github.com/mborodin/uyuni-operator/internal/controller/imageprofile_controller.go:56.2,56.108 1 0
github.com/mborodin/uyuni-operator/internal/controller/imageprofile_controller.go:56.108,58.3 1 0
github.com/mborodin/uyuni-operator/internal/controller/imageprofile_controller.go:61.2,62.16 2 0
github.com/mborodin/uyuni-operator/internal/controller/imageprofile_controller.go:62.16,64.3 1 0
github.com/mborodin/uyuni-operator/internal/controller/imageprofile_controller.go:65.2,65.22 1 0
github.com/mborodin/uyuni-operator/internal/controller/imageprofile_controller.go:65.22,69.3 3 0
github.com/mborodin/uyuni-operator/internal/controller/imageprofile_controller.go:72.2,73.37 2 0
github.com/mborodin/uyuni-operator/internal/controller/imageprofile_controller.go:73.37,75.17 2 0
github.com/mborodin/uyuni-operator/internal/controller/imageprofile_controller.go:75.17,77.4 1 0
github.com/mborodin/uyuni-operator/internal/controller/imageprofile_controller.go:81.2,82.16 2 0
github.com/mborodin/uyuni-operator/internal/controller/imageprofile_controller.go:82.16,84.3 1 0
github.com/mborodin/uyuni-operator/internal/controller/imageprofile_controller.go:86.2,86.32 1 0
github.com/mborodin/uyuni-operator/internal/controller/imageprofile_controller.go:86.32,94.38 1 0
github.com/mborodin/uyuni-operator/internal/controller/imageprofile_controller.go:94.38,96.4 1 0
github.com/mborodin/uyuni-operator/internal/controller/imageprofile_controller.go:97.3,98.13 2 0
github.com/mborodin/uyuni-operator/internal/controller/imageprofile_controller.go:106.2,108.9 3 0
github.com/mborodin/uyuni-operator/internal/controller/imageprofile_controller.go:109.29,110.53 1 0
github.com/mborodin/uyuni-operator/internal/controller/imageprofile_controller.go:110.53,112.4 1 0
github.com/mborodin/uyuni-operator/internal/controller/imageprofile_controller.go:113.3,113.17 1 0
github.com/mborodin/uyuni-operator/internal/controller/imageprofile_controller.go:114.18,115.28 1 0
github.com/mborodin/uyuni-operator/internal/controller/imageprofile_controller.go:116.59,119.102 2 0
github.com/mborodin/uyuni-operator/internal/controller/imageprofile_controller.go:119.102,121.4 1 0
github.com/mborodin/uyuni-operator/internal/controller/imageprofile_controller.go:122.3,122.53 1 0
github.com/mborodin/uyuni-operator/internal/controller/imageprofile_controller.go:122.53,124.4 1 0
github.com/mborodin/uyuni-operator/internal/controller/imageprofile_controller.go:125.3,125.17 1 0
github.com/mborodin/uyuni-operator/internal/controller/imageprofile_controller.go:127.2,127.13 1 0
github.com/mborodin/uyuni-operator/internal/controller/imageprofile_controller.go:127.13,129.17 2 0
github.com/mborodin/uyuni-operator/internal/controller/imageprofile_controller.go:129.17,131.4 1 0
github.com/mborodin/uyuni-operator/internal/controller/imageprofile_controller.go:137.2,137.108 1 0
github.com/mborodin/uyuni-operator/internal/controller/imageprofile_controller.go:137.108,143.94 2 0
github.com/mborodin/uyuni-operator/internal/controller/imageprofile_controller.go:143.94,145.4 1 0
github.com/mborodin/uyuni-operator/internal/controller/imageprofile_controller.go:148.2,152.66 2 0
github.com/mborodin/uyuni-operator/internal/controller/imageprofile_controller.go:152.66,154.3 1 0
github.com/mborodin/uyuni-operator/internal/controller/imageprofile_controller.go:158.2,159.22 2 0
github.com/mborodin/uyuni-operator/internal/controller/imageprofile_controller.go:159.22,162.3 1 0
github.com/mborodin/uyuni-operator/internal/controller/imageprofile_controller.go:164.2,166.52 3 0
github.com/mborodin/uyuni-operator/internal/controller/imageprofile_controller.go:166.52,168.3 1 0
github.com/mborodin/uyuni-operator/internal/controller/imageprofile_controller.go:170.2,170.17 1 0
github.com/mborodin/uyuni-operator/internal/controller/imageprofile_controller.go:170.17,172.3 1 0
github.com/mborodin/uyuni-operator/internal/controller/imageprofile_controller.go:173.2,173.57 1 0
github.com/mborodin/uyuni-operator/internal/controller/imageprofile_controller.go:176.117,177.41 1 0
github.com/mborodin/uyuni-operator/internal/controller/imageprofile_controller.go:177.41,179.3 1 0
github.com/mborodin/uyuni-operator/internal/controller/imageprofile_controller.go:180.2,180.54 1 0
github.com/mborodin/uyuni-operator/internal/controller/imageprofile_controller.go:180.54,183.3 2 0
github.com/mborodin/uyuni-operator/internal/controller/imageprofile_controller.go:184.2,185.16 2 0
github.com/mborodin/uyuni-operator/internal/controller/imageprofile_controller.go:185.16,187.3 1 0
github.com/mborodin/uyuni-operator/internal/controller/imageprofile_controller.go:191.2,191.92 1 0
github.com/mborodin/uyuni-operator/internal/controller/imageprofile_controller.go:191.92,193.3 1 0
github.com/mborodin/uyuni-operator/internal/controller/imageprofile_controller.go:194.2,195.41 2 0
github.com/mborodin/uyuni-operator/internal/controller/imageprofile_controller.go:203.131,206.29 1 0
github.com/mborodin/uyuni-operator/internal/controller/imageprofile_controller.go:206.29,208.3 1 0
github.com/mborodin/uyuni-operator/internal/controller/imageprofile_controller.go:209.2,210.119 2 0
github.com/mborodin/uyuni-operator/internal/controller/imageprofile_controller.go:210.119,211.40 1 0
github.com/mborodin/uyuni-operator/internal/controller/imageprofile_controller.go:211.40,213.4 1 0
github.com/mborodin/uyuni-operator/internal/controller/imageprofile_controller.go:214.3,214.21 1 0
github.com/mborodin/uyuni-operator/internal/controller/imageprofile_controller.go:219.2,219.104 1 0
github.com/mborodin/uyuni-operator/internal/controller/imageprofile_controller.go:219.104,221.3 1 0
github.com/mborodin/uyuni-operator/internal/controller/imageprofile_controller.go:222.2,222.34 1 0
github.com/mborodin/uyuni-operator/internal/controller/imageprofile_controller.go:225.118,227.124 2 0
github.com/mborodin/uyuni-operator/internal/controller/imageprofile_controller.go:227.124,228.40 1 0
github.com/mborodin/uyuni-operator/internal/controller/imageprofile_controller.go:228.40,230.4 1 0
github.com/mborodin/uyuni-operator/internal/controller/imageprofile_controller.go:231.3,231.17 1 0
github.com/mborodin/uyuni-operator/internal/controller/imageprofile_controller.go:233.2,233.32 1 0
github.com/mborodin/uyuni-operator/internal/controller/imageprofile_controller.go:238.119,240.25 2 0
github.com/mborodin/uyuni-operator/internal/controller/imageprofile_controller.go:240.25,242.3 1 0
github.com/mborodin/uyuni-operator/internal/controller/imageprofile_controller.go:243.2,244.116 2 0
github.com/mborodin/uyuni-operator/internal/controller/imageprofile_controller.go:244.116,246.3 1 0
github.com/mborodin/uyuni-operator/internal/controller/imageprofile_controller.go:247.2,248.23 2 0
github.com/mborodin/uyuni-operator/internal/controller/imageprofile_controller.go:248.23,250.3 1 0
github.com/mborodin/uyuni-operator/internal/controller/imageprofile_controller.go:251.2,252.23 2 0
github.com/mborodin/uyuni-operator/internal/controller/imageprofile_controller.go:252.23,254.3 1 0
github.com/mborodin/uyuni-operator/internal/controller/imageprofile_controller.go:255.2,257.49 3 0
github.com/mborodin/uyuni-operator/internal/controller/imageprofile_controller.go:265.107,270.31 3 0
github.com/mborodin/uyuni-operator/internal/controller/imageprofile_controller.go:270.31,272.3 1 0
github.com/mborodin/uyuni-operator/internal/controller/imageprofile_controller.go:277.2,277.33 1 0
github.com/mborodin/uyuni-operator/internal/controller/imageprofile_controller.go:277.33,278.18 1 0
github.com/mborodin/uyuni-operator/internal/controller/imageprofile_controller.go:278.18,280.4 1 0
github.com/mborodin/uyuni-operator/internal/controller/imageprofile_controller.go:281.3,281.13 1 0
github.com/mborodin/uyuni-operator/internal/controller/imageprofile_controller.go:284.2,288.17 4 0
github.com/mborodin/uyuni-operator/internal/controller/imageprofile_controller.go:288.17,291.14 3 0
github.com/mborodin/uyuni-operator/internal/controller/imageprofile_controller.go:291.14,293.4 1 0
github.com/mborodin/uyuni-operator/internal/controller/imageprofile_controller.go:294.3,294.47 1 0
github.com/mborodin/uyuni-operator/internal/controller/imageprofile_controller.go:297.2,308.82 2 0
github.com/mborodin/uyuni-operator/internal/controller/imageprofile_controller.go:308.82,310.3 1 0
github.com/mborodin/uyuni-operator/internal/controller/imageprofile_controller.go:311.2,311.77 1 0
github.com/mborodin/uyuni-operator/internal/controller/imageprofile_controller.go:311.77,313.3 1 0
github.com/mborodin/uyuni-operator/internal/controller/imageprofile_controller.go:314.2,316.17 2 0
github.com/mborodin/uyuni-operator/internal/controller/imageprofile_controller.go:316.17,319.49 3 0
github.com/mborodin/uyuni-operator/internal/controller/imageprofile_controller.go:319.49,321.4 1 0
github.com/mborodin/uyuni-operator/internal/controller/imageprofile_controller.go:323.2,323.12 1 0
github.com/mborodin/uyuni-operator/internal/controller/imageprofile_controller.go:329.136,331.79 2 0
github.com/mborodin/uyuni-operator/internal/controller/imageprofile_controller.go:331.79,333.3 1 0
github.com/mborodin/uyuni-operator/internal/controller/imageprofile_controller.go:334.2,335.30 2 0
github.com/mborodin/uyuni-operator/internal/controller/imageprofile_controller.go:335.30,337.40 2 0
github.com/mborodin/uyuni-operator/internal/controller/imageprofile_controller.go:337.40,338.12 1 0
github.com/mborodin/uyuni-operator/internal/controller/imageprofile_controller.go:340.3,340.80 1 0
github.com/mborodin/uyuni-operator/internal/controller/imageprofile_controller.go:340.80,342.4 1 0
github.com/mborodin/uyuni-operator/internal/controller/imageprofile_controller.go:344.2,344.19 1 0
github.com/mborodin/uyuni-operator/internal/controller/imageprofile_controller.go:344.19,346.3 1 0
github.com/mborodin/uyuni-operator/internal/controller/imageprofile_controller.go:348.2,359.32 3 0
github.com/mborodin/uyuni-operator/internal/controller/imageprofile_controller.go:359.32,361.3 1 0
github.com/mborodin/uyuni-operator/internal/controller/imageprofile_controller.go:362.2,362.34 1 0
github.com/mborodin/uyuni-operator/internal/controller/imageprofile_controller.go:362.34,365.3 2 0
github.com/mborodin/uyuni-operator/internal/controller/imageprofile_controller.go:366.2,366.49 1 0
github.com/mborodin/uyuni-operator/internal/controller/imageprofile_controller.go:366.49,367.70 1 0
github.com/mborodin/uyuni-operator/internal/controller/imageprofile_controller.go:367.70,370.26 3 0
github.com/mborodin/uyuni-operator/internal/controller/imageprofile_controller.go:370.26,372.5 1 0
github.com/mborodin/uyuni-operator/internal/controller/imageprofile_controller.go:375.2,378.57 3 0
github.com/mborodin/uyuni-operator/internal/controller/imageprofile_controller.go:378.57,379.50 1 0
github.com/mborodin/uyuni-operator/internal/controller/imageprofile_controller.go:379.50,380.29 1 0
github.com/mborodin/uyuni-operator/internal/controller/imageprofile_controller.go:380.29,381.40 1 0
github.com/mborodin/uyuni-operator/internal/controller/imageprofile_controller.go:381.40,382.61 1 0
github.com/mborodin/uyuni-operator/internal/controller/imageprofile_controller.go:382.61,384.7 1 0
github.com/mborodin/uyuni-operator/internal/controller/imageprofile_controller.go:385.6,385.11 1 0
github.com/mborodin/uyuni-operator/internal/controller/imageprofile_controller.go:391.2,391.47 1 0
github.com/mborodin/uyuni-operator/internal/controller/imageprofile_controller.go:391.47,393.3 1 0
github.com/mborodin/uyuni-operator/internal/controller/imageprofile_controller.go:394.2,394.15 1 0
github.com/mborodin/uyuni-operator/internal/controller/imageprofile_controller.go:399.38,400.11 1 0
github.com/mborodin/uyuni-operator/internal/controller/imageprofile_controller.go:401.19,402.21 1 0
github.com/mborodin/uyuni-operator/internal/controller/imageprofile_controller.go:403.16,404.18 1 0
github.com/mborodin/uyuni-operator/internal/controller/imageprofile_controller.go:405.17,406.19 1 0
github.com/mborodin/uyuni-operator/internal/controller/imageprofile_controller.go:407.10,408.18 1 0
github.com/mborodin/uyuni-operator/internal/controller/imageprofile_controller.go:413.81,414.23 1 0
github.com/mborodin/uyuni-operator/internal/controller/imageprofile_controller.go:414.23,415.32 1 0
github.com/mborodin/uyuni-operator/internal/controller/imageprofile_controller.go:415.32,417.4 1 0
github.com/mborodin/uyuni-operator/internal/controller/imageprofile_controller.go:419.2,419.12 1 0
github.com/mborodin/uyuni-operator/internal/controller/imageprofile_controller.go:426.117,428.16 2 0
github.com/mborodin/uyuni-operator/internal/controller/imageprofile_controller.go:428.16,430.3 1 0
github.com/mborodin/uyuni-operator/internal/controller/imageprofile_controller.go:431.2,432.9 2 0
github.com/mborodin/uyuni-operator/internal/controller/imageprofile_controller.go:432.9,434.3 1 0
github.com/mborodin/uyuni-operator/internal/controller/imageprofile_controller.go:437.2,438.39 2 0
github.com/mborodin/uyuni-operator/internal/controller/imageprofile_controller.go:438.39,440.3 1 0
github.com/mborodin/uyuni-operator/internal/controller/imageprofile_controller.go:441.2,441.11 1 0
github.com/mborodin/uyuni-operator/internal/controller/imageprofile_controller.go:444.133,448.2 3 0
github.com/mborodin/uyuni-operator/internal/controller/imageprofile_controller.go:450.75,460.2 1 0
github.com/mborodin/uyuni-operator/internal/controller/imageprofile_controller.go:462.111,464.9 2 0
github.com/mborodin/uyuni-operator/internal/controller/imageprofile_controller.go:464.9,466.3 1 0
github.com/mborodin/uyuni-operator/internal/controller/imageprofile_controller.go:467.2,469.4 1 0
github.com/mborodin/uyuni-operator/internal/controller/imageprofile_controller.go:472.111,474.83 2 0
github.com/mborodin/uyuni-operator/internal/controller/imageprofile_controller.go:474.83,476.3 1 0
github.com/mborodin/uyuni-operator/internal/controller/imageprofile_controller.go:477.2,478.32 2 0
github.com/mborodin/uyuni-operator/internal/controller/imageprofile_controller.go:478.32,479.72 1 0
github.com/mborodin/uyuni-operator/internal/controller/imageprofile_controller.go:479.72,483.4 1 0
github.com/mborodin/uyuni-operator/internal/controller/imageprofile_controller.go:485.2,485.12 1 0
github.com/mborodin/uyuni-operator/internal/controller/imageprofile_controller.go:488.119,490.83 2 0
github.com/mborodin/uyuni-operator/internal/controller/imageprofile_controller.go:490.83,492.3 1 0
github.com/mborodin/uyuni-operator/internal/controller/imageprofile_controller.go:493.2,494.32 2 0
github.com/mborodin/uyuni-operator/internal/controller/imageprofile_controller.go:494.32,495.88 1 0
github.com/mborodin/uyuni-operator/internal/controller/imageprofile_controller.go:495.88,499.4 1 0
github.com/mborodin/uyuni-operator/internal/controller/imageprofile_controller.go:501.2,501.12 1 0
github.com/mborodin/uyuni-operator/internal/controller/imageprofile_controller.go:506.60,507.21 1 0
github.com/mborodin/uyuni-operator/internal/controller/imageprofile_controller.go:507.21,509.40 2 0
github.com/mborodin/uyuni-operator/internal/controller/imageprofile_controller.go:509.40,511.4 1 0
github.com/mborodin/uyuni-operator/internal/controller/imageprofile_controller.go:512.3,513.19 2 0
github.com/mborodin/uyuni-operator/internal/controller/imageprofile_controller.go:513.19,515.4 1 0
github.com/mborodin/uyuni-operator/internal/controller/imageprofile_controller.go:516.3,516.11 1 0
github.com/mborodin/uyuni-operator/internal/controller/imageprofile_controller.go:518.2,518.17 1 0
github.com/mborodin/uyuni-operator/internal/controller/imageprofile_controller.go:522.73,524.16 2 0
github.com/mborodin/uyuni-operator/internal/controller/imageprofile_controller.go:524.16,526.3 1 0
github.com/mborodin/uyuni-operator/internal/controller/imageprofile_controller.go:527.2,528.24 2 0
github.com/mborodin/uyuni-operator/internal/controller/imageprofile_controller.go:537.100,540.2 1 0
github.com/mborodin/uyuni-operator/internal/controller/imagestore_controller.go:28.102,30.60 2 0
github.com/mborodin/uyuni-operator/internal/controller/imagestore_controller.go:30.60,32.3 1 0
github.com/mborodin/uyuni-operator/internal/controller/imagestore_controller.go:34.2,34.36 1 0
github.com/mborodin/uyuni-operator/internal/controller/imagestore_controller.go:34.36,36.3 1 0
github.com/mborodin/uyuni-operator/internal/controller/imagestore_controller.go:38.2,39.16 2 0
github.com/mborodin/uyuni-operator/internal/controller/imagestore_controller.go:39.16,41.3 1 0
github.com/mborodin/uyuni-operator/internal/controller/imagestore_controller.go:43.2,43.39 1 0
github.com/mborodin/uyuni-operator/internal/controller/imagestore_controller.go:43.39,45.3 1 0
github.com/mborodin/uyuni-operator/internal/controller/imagestore_controller.go:47.2,47.108 1 0
github.com/mborodin/uyuni-operator/internal/controller/imagestore_controller.go:47.108,49.3 1 0
github.com/mborodin/uyuni-operator/internal/controller/imagestore_controller.go:51.2,52.16 2 0
github.com/mborodin/uyuni-operator/internal/controller/imagestore_controller.go:52.16,54.3 1 0
github.com/mborodin/uyuni-operator/internal/controller/imagestore_controller.go:58.2,59.27 2 0
github.com/mborodin/uyuni-operator/internal/controller/imagestore_controller.go:59.27,60.116 1 0
github.com/mborodin/uyuni-operator/internal/controller/imagestore_controller.go:60.116,62.4 1 0
github.com/mborodin/uyuni-operator/internal/controller/imagestore_controller.go:63.8,63.23 1 0
github.com/mborodin/uyuni-operator/internal/controller/imagestore_controller.go:63.23,65.3 1 0
github.com/mborodin/uyuni-operator/internal/controller/imagestore_controller.go:65.8,65.78 1 0
github.com/mborodin/uyuni-operator/internal/controller/imagestore_controller.go:65.78,68.102 1 0
github.com/mborodin/uyuni-operator/internal/controller/imagestore_controller.go:68.102,70.4 1 0
github.com/mborodin/uyuni-operator/internal/controller/imagestore_controller.go:73.2,75.52 3 0
github.com/mborodin/uyuni-operator/internal/controller/imagestore_controller.go:75.52,77.3 1 0
github.com/mborodin/uyuni-operator/internal/controller/imagestore_controller.go:78.2,78.56 1 0
github.com/mborodin/uyuni-operator/internal/controller/imagestore_controller.go:81.113,82.41 1 0
github.com/mborodin/uyuni-operator/internal/controller/imagestore_controller.go:82.41,84.3 1 0
github.com/mborodin/uyuni-operator/internal/controller/imagestore_controller.go:85.2,85.54 1 0
github.com/mborodin/uyuni-operator/internal/controller/imagestore_controller.go:85.54,88.3 2 0
github.com/mborodin/uyuni-operator/internal/controller/imagestore_controller.go:89.2,90.16 2 0
github.com/mborodin/uyuni-operator/internal/controller/imagestore_controller.go:90.16,92.3 1 0
github.com/mborodin/uyuni-operator/internal/controller/imagestore_controller.go:93.2,93.90 1 0
github.com/mborodin/uyuni-operator/internal/controller/imagestore_controller.go:93.90,95.3 1 0
github.com/mborodin/uyuni-operator/internal/controller/imagestore_controller.go:96.2,97.41 2 0
github.com/mborodin/uyuni-operator/internal/controller/imagestore_controller.go:103.127,104.41 1 0
github.com/mborodin/uyuni-operator/internal/controller/imagestore_controller.go:104.41,106.3 1 0
github.com/mborodin/uyuni-operator/internal/controller/imagestore_controller.go:107.2,108.132 2 0
github.com/mborodin/uyuni-operator/internal/controller/imagestore_controller.go:108.132,110.3 1 0
github.com/mborodin/uyuni-operator/internal/controller/imagestore_controller.go:111.2,111.78 1 0
github.com/mborodin/uyuni-operator/internal/controller/imagestore_controller.go:114.129,118.2 3 0
github.com/mborodin/uyuni-operator/internal/controller/imagestore_controller.go:120.73,124.2 1 0
github.com/mborodin/uyuni-operator/internal/controller/organization_controller.go:31.104,33.61 2 0
github.com/mborodin/uyuni-operator/internal/controller/organization_controller.go:33.61,35.3 1 0
github.com/mborodin/uyuni-operator/internal/controller/organization_controller.go:37.2,37.37 1 0
github.com/mborodin/uyuni-operator/internal/controller/organization_controller.go:37.37,39.3 1 0
github.com/mborodin/uyuni-operator/internal/controller/organization_controller.go:40.2,40.41 1 0
github.com/mborodin/uyuni-operator/internal/controller/organization_controller.go:40.41,42.3 1 0
github.com/mborodin/uyuni-operator/internal/controller/organization_controller.go:45.2,46.16 2 0
github.com/mborodin/uyuni-operator/internal/controller/organization_controller.go:46.16,48.3 1 0
github.com/mborodin/uyuni-operator/internal/controller/organization_controller.go:55.2,55.54 1 0
github.com/mborodin/uyuni-operator/internal/controller/organization_controller.go:55.54,57.3 1 0
github.com/mborodin/uyuni-operator/internal/controller/organization_controller.go:59.2,59.28 1 0
github.com/mborodin/uyuni-operator/internal/controller/organization_controller.go:59.28,61.17 2 0
github.com/mborodin/uyuni-operator/internal/controller/organization_controller.go:61.17,63.4 1 0
github.com/mborodin/uyuni-operator/internal/controller/organization_controller.go:64.3,64.37 1 0
github.com/mborodin/uyuni-operator/internal/controller/organization_controller.go:65.8,65.39 1 0
github.com/mborodin/uyuni-operator/internal/controller/organization_controller.go:65.39,71.17 2 0
github.com/mborodin/uyuni-operator/internal/controller/organization_controller.go:71.17,73.4 1 0
github.com/mborodin/uyuni-operator/internal/controller/organization_controller.go:74.3,74.36 1 0
github.com/mborodin/uyuni-operator/internal/controller/organization_controller.go:74.36,75.84 1 0
github.com/mborodin/uyuni-operator/internal/controller/organization_controller.go:75.84,77.5 1 0
github.com/mborodin/uyuni-operator/internal/controller/organization_controller.go:79.8,81.28 2 0
github.com/mborodin/uyuni-operator/internal/controller/organization_controller.go:81.28,83.18 2 0
github.com/mborodin/uyuni-operator/internal/controller/organization_controller.go:83.18,85.5 1 0
github.com/mborodin/uyuni-operator/internal/controller/organization_controller.go:86.4,86.33 1 0
github.com/mborodin/uyuni-operator/internal/controller/organization_controller.go:87.9,87.24 1 0
github.com/mborodin/uyuni-operator/internal/controller/organization_controller.go:87.24,89.4 1 0
github.com/mborodin/uyuni-operator/internal/controller/organization_controller.go:89.9,91.4 1 0
github.com/mborodin/uyuni-operator/internal/controller/organization_controller.go:95.2,99.53 4 0
github.com/mborodin/uyuni-operator/internal/controller/organization_controller.go:99.53,101.3 1 0
github.com/mborodin/uyuni-operator/internal/controller/organization_controller.go:102.2,102.57 1 0
github.com/mborodin/uyuni-operator/internal/controller/organization_controller.go:108.105,110.97 2 0
github.com/mborodin/uyuni-operator/internal/controller/organization_controller.go:110.97,112.3 1 0
github.com/mborodin/uyuni-operator/internal/controller/organization_controller.go:114.2,115.29 2 0
github.com/mborodin/uyuni-operator/internal/controller/organization_controller.go:115.29,117.3 1 0
github.com/mborodin/uyuni-operator/internal/controller/organization_controller.go:118.2,123.38 5 0
github.com/mborodin/uyuni-operator/internal/controller/organization_controller.go:123.38,125.28 2 0
github.com/mborodin/uyuni-operator/internal/controller/organization_controller.go:125.28,127.4 1 0
github.com/mborodin/uyuni-operator/internal/controller/organization_controller.go:128.3,128.46 1 0
github.com/mborodin/uyuni-operator/internal/controller/organization_controller.go:130.2,130.12 1 0
github.com/mborodin/uyuni-operator/internal/controller/organization_controller.go:136.120,137.84 1 0
github.com/mborodin/uyuni-operator/internal/controller/organization_controller.go:137.84,139.3 1 0
github.com/mborodin/uyuni-operator/internal/controller/organization_controller.go:141.2,143.108 3 0
github.com/mborodin/uyuni-operator/internal/controller/organization_controller.go:143.108,145.3 1 0
github.com/mborodin/uyuni-operator/internal/controller/organization_controller.go:146.2,148.38 3 0
github.com/mborodin/uyuni-operator/internal/controller/organization_controller.go:148.38,150.3 1 0
github.com/mborodin/uyuni-operator/internal/controller/organization_controller.go:152.2,153.63 2 0
github.com/mborodin/uyuni-operator/internal/controller/organization_controller.go:153.63,155.115 2 0
github.com/mborodin/uyuni-operator/internal/controller/organization_controller.go:155.115,157.4 1 0
github.com/mborodin/uyuni-operator/internal/controller/organization_controller.go:158.3,158.35 1 0
github.com/mborodin/uyuni-operator/internal/controller/organization_controller.go:161.2,161.115 1 0
github.com/mborodin/uyuni-operator/internal/controller/organization_controller.go:164.119,165.42 1 0
github.com/mborodin/uyuni-operator/internal/controller/organization_controller.go:165.42,167.3 1 0
github.com/mborodin/uyuni-operator/internal/controller/organization_controller.go:168.2,172.26 2 0
github.com/mborodin/uyuni-operator/internal/controller/organization_controller.go:172.26,174.3 1 0
github.com/mborodin/uyuni-operator/internal/controller/organization_controller.go:175.2,177.38 3 0
github.com/mborodin/uyuni-operator/internal/controller/organization_controller.go:177.38,179.3 1 0
github.com/mborodin/uyuni-operator/internal/controller/organization_controller.go:180.2,181.21 2 0
github.com/mborodin/uyuni-operator/internal/controller/organization_controller.go:181.21,183.3 1 0
github.com/mborodin/uyuni-operator/internal/controller/organization_controller.go:184.2,185.20 2 0
github.com/mborodin/uyuni-operator/internal/controller/organization_controller.go:185.20,187.3 1 0
github.com/mborodin/uyuni-operator/internal/controller/organization_controller.go:188.2,189.17 2 0
github.com/mborodin/uyuni-operator/internal/controller/organization_controller.go:189.17,191.3 1 0
github.com/mborodin/uyuni-operator/internal/controller/organization_controller.go:192.2,192.98 1 0
github.com/mborodin/uyuni-operator/internal/controller/organization_controller.go:195.118,196.43 1 0
github.com/mborodin/uyuni-operator/internal/controller/organization_controller.go:196.43,198.3 1 0
github.com/mborodin/uyuni-operator/internal/controller/organization_controller.go:199.2,199.55 1 0
github.com/mborodin/uyuni-operator/internal/controller/organization_controller.go:199.55,202.3 2 0
github.com/mborodin/uyuni-operator/internal/controller/organization_controller.go:212.2,212.67 1 0
github.com/mborodin/uyuni-operator/internal/controller/organization_controller.go:212.67,214.3 1 0
github.com/mborodin/uyuni-operator/internal/controller/organization_controller.go:214.8,214.26 1 0
github.com/mborodin/uyuni-operator/internal/controller/organization_controller.go:214.26,217.53 2 0
github.com/mborodin/uyuni-operator/internal/controller/organization_controller.go:217.53,219.4 1 0
github.com/mborodin/uyuni-operator/internal/controller/organization_controller.go:220.3,220.58 1 0
github.com/mborodin/uyuni-operator/internal/controller/organization_controller.go:224.2,224.57 1 0
github.com/mborodin/uyuni-operator/internal/controller/organization_controller.go:224.57,226.17 2 0
github.com/mborodin/uyuni-operator/internal/controller/organization_controller.go:226.17,228.4 1 0
github.com/mborodin/uyuni-operator/internal/controller/organization_controller.go:229.3,229.110 1 0
github.com/mborodin/uyuni-operator/internal/controller/organization_controller.go:229.110,231.4 1 0
github.com/mborodin/uyuni-operator/internal/controller/organization_controller.go:234.2,236.42 3 0
github.com/mborodin/uyuni-operator/internal/controller/organization_controller.go:241.120,245.46 3 0
github.com/mborodin/uyuni-operator/internal/controller/organization_controller.go:245.46,247.3 1 0
github.com/mborodin/uyuni-operator/internal/controller/organization_controller.go:248.2,248.30 1 0
github.com/mborodin/uyuni-operator/internal/controller/organization_controller.go:248.30,249.79 1 0
github.com/mborodin/uyuni-operator/internal/controller/organization_controller.go:249.79,251.4 1 0
github.com/mborodin/uyuni-operator/internal/controller/organization_controller.go:254.2,255.46 2 0
github.com/mborodin/uyuni-operator/internal/controller/organization_controller.go:255.46,257.3 1 0
github.com/mborodin/uyuni-operator/internal/controller/organization_controller.go:258.2,258.30 1 0
github.com/mborodin/uyuni-operator/internal/controller/organization_controller.go:258.30,259.79 1 0
github.com/mborodin/uyuni-operator/internal/controller/organization_controller.go:259.79,261.4 1 0
github.com/mborodin/uyuni-operator/internal/controller/organization_controller.go:264.2,265.48 2 0
github.com/mborodin/uyuni-operator/internal/controller/organization_controller.go:265.48,267.3 1 0
github.com/mborodin/uyuni-operator/internal/controller/organization_controller.go:268.2,268.32 1 0
github.com/mborodin/uyuni-operator/internal/controller/organization_controller.go:268.32,269.79 1 0
github.com/mborodin/uyuni-operator/internal/controller/organization_controller.go:269.79,271.4 1 0
github.com/mborodin/uyuni-operator/internal/controller/organization_controller.go:274.2,275.46 2 0
github.com/mborodin/uyuni-operator/internal/controller/organization_controller.go:275.46,277.3 1 0
github.com/mborodin/uyuni-operator/internal/controller/organization_controller.go:278.2,278.30 1 0
github.com/mborodin/uyuni-operator/internal/controller/organization_controller.go:278.30,279.79 1 0
github.com/mborodin/uyuni-operator/internal/controller/organization_controller.go:279.79,281.4 1 0
github.com/mborodin/uyuni-operator/internal/controller/organization_controller.go:284.2,285.46 2 0
github.com/mborodin/uyuni-operator/internal/controller/organization_controller.go:285.46,287.3 1 0
github.com/mborodin/uyuni-operator/internal/controller/organization_controller.go:288.2,288.30 1 0
github.com/mborodin/uyuni-operator/internal/controller/organization_controller.go:288.30,289.41 1 0
github.com/mborodin/uyuni-operator/internal/controller/organization_controller.go:289.41,291.4 1 0
github.com/mborodin/uyuni-operator/internal/controller/organization_controller.go:294.2,295.46 2 0
github.com/mborodin/uyuni-operator/internal/controller/organization_controller.go:295.46,297.3 1 0
github.com/mborodin/uyuni-operator/internal/controller/organization_controller.go:298.2,298.30 1 0
github.com/mborodin/uyuni-operator/internal/controller/organization_controller.go:298.30,299.79 1 0
github.com/mborodin/uyuni-operator/internal/controller/organization_controller.go:299.79,301.4 1 0
github.com/mborodin/uyuni-operator/internal/controller/organization_controller.go:304.2,305.47 2 0
github.com/mborodin/uyuni-operator/internal/controller/organization_controller.go:305.47,307.3 1 0
github.com/mborodin/uyuni-operator/internal/controller/organization_controller.go:308.2,308.31 1 0
github.com/mborodin/uyuni-operator/internal/controller/organization_controller.go:308.31,309.79 1 0
github.com/mborodin/uyuni-operator/internal/controller/organization_controller.go:309.79,311.4 1 0
github.com/mborodin/uyuni-operator/internal/controller/organization_controller.go:314.2,315.47 2 0
github.com/mborodin/uyuni-operator/internal/controller/organization_controller.go:315.47,317.3 1 0
github.com/mborodin/uyuni-operator/internal/controller/organization_controller.go:318.2,318.31 1 0
github.com/mborodin/uyuni-operator/internal/controller/organization_controller.go:318.31,319.79 1 0
github.com/mborodin/uyuni-operator/internal/controller/organization_controller.go:319.79,321.4 1 0
github.com/mborodin/uyuni-operator/internal/controller/organization_controller.go:324.2,325.50 2 0
github.com/mborodin/uyuni-operator/internal/controller/organization_controller.go:325.50,327.3 1 0
github.com/mborodin/uyuni-operator/internal/controller/organization_controller.go:328.2,328.34 1 0
github.com/mborodin/uyuni-operator/internal/controller/organization_controller.go:328.34,329.79 1 0
github.com/mborodin/uyuni-operator/internal/controller/organization_controller.go:329.79,331.4 1 0
github.com/mborodin/uyuni-operator/internal/controller/organization_controller.go:334.2,335.48 2 0
github.com/mborodin/uyuni-operator/internal/controller/organization_controller.go:335.48,337.3 1 0
github.com/mborodin/uyuni-operator/internal/controller/organization_controller.go:338.2,338.32 1 0
github.com/mborodin/uyuni-operator/internal/controller/organization_controller.go:338.32,339.79 1 0
github.com/mborodin/uyuni-operator/internal/controller/organization_controller.go:339.79,341.4 1 0
github.com/mborodin/uyuni-operator/internal/controller/organization_controller.go:344.2,345.46 2 0
github.com/mborodin/uyuni-operator/internal/controller/organization_controller.go:345.46,347.3 1 0
github.com/mborodin/uyuni-operator/internal/controller/organization_controller.go:348.2,348.30 1 0
github.com/mborodin/uyuni-operator/internal/controller/organization_controller.go:348.30,349.79 1 0
github.com/mborodin/uyuni-operator/internal/controller/organization_controller.go:349.79,351.4 1 0
github.com/mborodin/uyuni-operator/internal/controller/organization_controller.go:354.2,355.46 2 0
github.com/mborodin/uyuni-operator/internal/controller/organization_controller.go:355.46,357.3 1 0
github.com/mborodin/uyuni-operator/internal/controller/organization_controller.go:358.2,358.30 1 0
github.com/mborodin/uyuni-operator/internal/controller/organization_controller.go:358.30,359.79 1 0
github.com/mborodin/uyuni-operator/internal/controller/organization_controller.go:359.79,361.4 1 0
github.com/mborodin/uyuni-operator/internal/controller/organization_controller.go:364.2,365.46 2 0
github.com/mborodin/uyuni-operator/internal/controller/organization_controller.go:365.46,367.3 1 0
github.com/mborodin/uyuni-operator/internal/controller/organization_controller.go:368.2,368.30 1 0
github.com/mborodin/uyuni-operator/internal/controller/organization_controller.go:368.30,369.79 1 0
github.com/mborodin/uyuni-operator/internal/controller/organization_controller.go:369.79,371.4 1 0
github.com/mborodin/uyuni-operator/internal/controller/organization_controller.go:374.2,374.16 1 0
github.com/mborodin/uyuni-operator/internal/controller/organization_controller.go:377.134,381.2 3 0
github.com/mborodin/uyuni-operator/internal/controller/organization_controller.go:383.75,387.2 1 0
github.com/mborodin/uyuni-operator/internal/controller/ownership.go:25.137,30.27 3 0
github.com/mborodin/uyuni-operator/internal/controller/ownership.go:30.27,31.82 1 0
github.com/mborodin/uyuni-operator/internal/controller/ownership.go:31.82,33.4 1 0
github.com/mborodin/uyuni-operator/internal/controller/ownership.go:36.2,39.39 2 0
github.com/mborodin/uyuni-operator/internal/controller/ownership.go:39.39,40.46 1 0
github.com/mborodin/uyuni-operator/internal/controller/ownership.go:40.46,41.12 1 0
github.com/mborodin/uyuni-operator/internal/controller/ownership.go:43.3,46.23 2 0
github.com/mborodin/uyuni-operator/internal/controller/ownership.go:46.23,47.41 1 0
github.com/mborodin/uyuni-operator/internal/controller/ownership.go:47.41,51.13 1 0
github.com/mborodin/uyuni-operator/internal/controller/ownership.go:53.4,53.14 1 0
github.com/mborodin/uyuni-operator/internal/controller/ownership.go:55.3,63.17 3 0
github.com/mborodin/uyuni-operator/internal/controller/ownership.go:67.2,68.27 2 0
github.com/mborodin/uyuni-operator/internal/controller/ownership.go:68.27,69.82 1 0
github.com/mborodin/uyuni-operator/internal/controller/ownership.go:69.82,70.35 1 0
github.com/mborodin/uyuni-operator/internal/controller/ownership.go:70.35,72.13 2 0
github.com/mborodin/uyuni-operator/internal/controller/ownership.go:75.3,75.29 1 0
github.com/mborodin/uyuni-operator/internal/controller/ownership.go:77.2,79.14 2 0
github.com/mborodin/uyuni-operator/internal/controller/ownership.go:79.14,81.3 1 0
github.com/mborodin/uyuni-operator/internal/controller/ownership.go:82.2,83.33 2 0
github.com/mborodin/uyuni-operator/internal/controller/ownership.go:102.122,105.27 2 0
github.com/mborodin/uyuni-operator/internal/controller/ownership.go:105.27,106.101 1 0
github.com/mborodin/uyuni-operator/internal/controller/ownership.go:106.101,108.4 1 0
github.com/mborodin/uyuni-operator/internal/controller/ownership.go:111.2,112.27 2 0
github.com/mborodin/uyuni-operator/internal/controller/ownership.go:112.27,113.80 1 0
github.com/mborodin/uyuni-operator/internal/controller/ownership.go:113.80,114.12 1 0
github.com/mborodin/uyuni-operator/internal/controller/ownership.go:116.3,116.29 1 0
github.com/mborodin/uyuni-operator/internal/controller/ownership.go:118.2,120.19 2 0
github.com/mborodin/uyuni-operator/internal/controller/ownership.go:120.19,124.24 2 0
github.com/mborodin/uyuni-operator/internal/controller/ownership.go:124.24,125.41 1 0
github.com/mborodin/uyuni-operator/internal/controller/ownership.go:125.41,127.5 1 0
github.com/mborodin/uyuni-operator/internal/controller/ownership.go:130.9,139.4 2 0
github.com/mborodin/uyuni-operator/internal/controller/ownership.go:142.2,143.33 2 0
github.com/mborodin/uyuni-operator/internal/controller/ownership.go:149.53,150.51 1 0
github.com/mborodin/uyuni-operator/internal/controller/ownership.go:150.51,151.30 1 0
github.com/mborodin/uyuni-operator/internal/controller/ownership.go:151.30,153.4 1 0
github.com/mborodin/uyuni-operator/internal/controller/ownership.go:155.2,155.14 1 0
github.com/mborodin/uyuni-operator/internal/controller/ownership.go:160.80,162.92 2 0
github.com/mborodin/uyuni-operator/internal/controller/ownership.go:162.92,164.3 1 0
github.com/mborodin/uyuni-operator/internal/controller/ownership.go:165.2,165.46 1 0
github.com/mborodin/uyuni-operator/internal/controller/ownership.go:165.46,166.37 1 0
github.com/mborodin/uyuni-operator/internal/controller/ownership.go:166.37,168.4 1 0
github.com/mborodin/uyuni-operator/internal/controller/ownership.go:170.2,170.12 1 0
github.com/mborodin/uyuni-operator/internal/controller/ownership.go:175.67,177.94 2 0
github.com/mborodin/uyuni-operator/internal/controller/ownership.go:177.94,179.3 1 0
github.com/mborodin/uyuni-operator/internal/controller/ownership.go:180.2,180.47 1 0
github.com/mborodin/uyuni-operator/internal/controller/ownership.go:180.47,181.37 1 0
github.com/mborodin/uyuni-operator/internal/controller/ownership.go:181.37,183.4 1 0
github.com/mborodin/uyuni-operator/internal/controller/ownership.go:185.2,185.12 1 0
github.com/mborodin/uyuni-operator/internal/controller/ownership.go:190.83,191.101 1 0
github.com/mborodin/uyuni-operator/internal/controller/ownership.go:191.101,193.3 1 0
github.com/mborodin/uyuni-operator/internal/controller/ownership.go:194.2,194.46 1 0
github.com/mborodin/uyuni-operator/internal/controller/ownership.go:194.46,195.46 1 0
github.com/mborodin/uyuni-operator/internal/controller/ownership.go:195.46,197.4 1 0
github.com/mborodin/uyuni-operator/internal/controller/ownership.go:199.2,199.14 1 0
github.com/mborodin/uyuni-operator/internal/controller/ownership.go:202.70,203.103 1 0
github.com/mborodin/uyuni-operator/internal/controller/ownership.go:203.103,205.3 1 0
github.com/mborodin/uyuni-operator/internal/controller/ownership.go:206.2,206.47 1 0
github.com/mborodin/uyuni-operator/internal/controller/ownership.go:206.47,207.46 1 0
github.com/mborodin/uyuni-operator/internal/controller/ownership.go:207.46,209.4 1 0
github.com/mborodin/uyuni-operator/internal/controller/ownership.go:211.2,211.14 1 0
github.com/mborodin/uyuni-operator/internal/controller/repository_controller.go:33.102,35.62 2 0
github.com/mborodin/uyuni-operator/internal/controller/repository_controller.go:35.62,37.3 1 0
github.com/mborodin/uyuni-operator/internal/controller/repository_controller.go:39.2,39.38 1 0
github.com/mborodin/uyuni-operator/internal/controller/repository_controller.go:39.38,41.3 1 0
github.com/mborodin/uyuni-operator/internal/controller/repository_controller.go:43.2,44.16 2 0
github.com/mborodin/uyuni-operator/internal/controller/repository_controller.go:44.16,46.3 1 0
github.com/mborodin/uyuni-operator/internal/controller/repository_controller.go:48.2,48.43 1 0
github.com/mborodin/uyuni-operator/internal/controller/repository_controller.go:48.43,50.3 1 0
github.com/mborodin/uyuni-operator/internal/controller/repository_controller.go:52.2,52.112 1 0
github.com/mborodin/uyuni-operator/internal/controller/repository_controller.go:52.112,54.3 1 0
github.com/mborodin/uyuni-operator/internal/controller/repository_controller.go:56.2,57.16 2 0
github.com/mborodin/uyuni-operator/internal/controller/repository_controller.go:57.16,59.3 1 0
github.com/mborodin/uyuni-operator/internal/controller/repository_controller.go:61.2,62.27 2 0
github.com/mborodin/uyuni-operator/internal/controller/repository_controller.go:62.27,69.17 2 0
github.com/mborodin/uyuni-operator/internal/controller/repository_controller.go:69.17,71.4 1 0
github.com/mborodin/uyuni-operator/internal/controller/repository_controller.go:72.3,73.36 2 0
github.com/mborodin/uyuni-operator/internal/controller/repository_controller.go:74.8,74.23 1 0
github.com/mborodin/uyuni-operator/internal/controller/repository_controller.go:74.23,76.3 1 0
github.com/mborodin/uyuni-operator/internal/controller/repository_controller.go:76.8,85.35 3 0
github.com/mborodin/uyuni-operator/internal/controller/repository_controller.go:85.35,86.80 1 0
github.com/mborodin/uyuni-operator/internal/controller/repository_controller.go:86.80,88.5 1 0
github.com/mborodin/uyuni-operator/internal/controller/repository_controller.go:92.3,94.37 3 0
github.com/mborodin/uyuni-operator/internal/controller/repository_controller.go:94.37,98.4 2 0
github.com/mborodin/uyuni-operator/internal/controller/repository_controller.go:99.3,99.14 1 0
github.com/mborodin/uyuni-operator/internal/controller/repository_controller.go:99.14,101.4 1 0
github.com/mborodin/uyuni-operator/internal/controller/repository_controller.go:101.9,103.4 1 0
github.com/mborodin/uyuni-operator/internal/controller/repository_controller.go:106.2,109.20 3 0
github.com/mborodin/uyuni-operator/internal/controller/repository_controller.go:109.20,111.3 1 0
github.com/mborodin/uyuni-operator/internal/controller/repository_controller.go:112.2,112.58 1 0
github.com/mborodin/uyuni-operator/internal/controller/repository_controller.go:112.58,117.3 3 0
github.com/mborodin/uyuni-operator/internal/controller/repository_controller.go:119.2,120.54 2 0
github.com/mborodin/uyuni-operator/internal/controller/repository_controller.go:120.54,122.3 1 0
github.com/mborodin/uyuni-operator/internal/controller/repository_controller.go:123.2,123.57 1 0
github.com/mborodin/uyuni-operator/internal/controller/repository_controller.go:126.115,127.45 1 0
github.com/mborodin/uyuni-operator/internal/controller/repository_controller.go:127.45,129.3 1 0
github.com/mborodin/uyuni-operator/internal/controller/repository_controller.go:130.2,130.56 1 0
github.com/mborodin/uyuni-operator/internal/controller/repository_controller.go:130.56,133.3 2 0
github.com/mborodin/uyuni-operator/internal/controller/repository_controller.go:137.2,137.55 1 0
github.com/mborodin/uyuni-operator/internal/controller/repository_controller.go:137.55,139.3 1 0
github.com/mborodin/uyuni-operator/internal/controller/repository_controller.go:139.8,139.17 1 0
github.com/mborodin/uyuni-operator/internal/controller/repository_controller.go:139.17,144.3 3 0
github.com/mborodin/uyuni-operator/internal/controller/repository_controller.go:146.2,146.29 1 0
github.com/mborodin/uyuni-operator/internal/controller/repository_controller.go:146.29,148.17 2 0
github.com/mborodin/uyuni-operator/internal/controller/repository_controller.go:148.17,150.4 1 0
github.com/mborodin/uyuni-operator/internal/controller/repository_controller.go:151.3,151.89 1 0
github.com/mborodin/uyuni-operator/internal/controller/repository_controller.go:151.89,153.4 1 0
github.com/mborodin/uyuni-operator/internal/controller/repository_controller.go:155.2,156.43 2 0
github.com/mborodin/uyuni-operator/internal/controller/repository_controller.go:159.109,161.83 2 0
github.com/mborodin/uyuni-operator/internal/controller/repository_controller.go:161.83,163.3 1 0
github.com/mborodin/uyuni-operator/internal/controller/repository_controller.go:164.2,164.36 1 0
github.com/mborodin/uyuni-operator/internal/controller/repository_controller.go:164.36,165.37 1 0
github.com/mborodin/uyuni-operator/internal/controller/repository_controller.go:165.37,166.12 1 0
github.com/mborodin/uyuni-operator/internal/controller/repository_controller.go:168.3,168.46 1 0
github.com/mborodin/uyuni-operator/internal/controller/repository_controller.go:168.46,169.29 1 0
github.com/mborodin/uyuni-operator/internal/controller/repository_controller.go:169.29,171.5 1 0
github.com/mborodin/uyuni-operator/internal/controller/repository_controller.go:174.2,174.23 1 0
github.com/mborodin/uyuni-operator/internal/controller/repository_controller.go:177.124,178.33 1 0
github.com/mborodin/uyuni-operator/internal/controller/repository_controller.go:178.33,180.3 1 0
github.com/mborodin/uyuni-operator/internal/controller/repository_controller.go:181.2,184.23 2 0
github.com/mborodin/uyuni-operator/internal/controller/repository_controller.go:184.23,186.3 1 0
github.com/mborodin/uyuni-operator/internal/controller/repository_controller.go:187.2,187.98 1 0
github.com/mborodin/uyuni-operator/internal/controller/repository_controller.go:190.131,194.2 3 0
github.com/mborodin/uyuni-operator/internal/controller/repository_controller.go:196.73,200.2 1 0
github.com/mborodin/uyuni-operator/internal/controller/sets.go:7.76,9.29 2 0
github.com/mborodin/uyuni-operator/internal/controller/sets.go:9.29,11.3 1 0
github.com/mborodin/uyuni-operator/internal/controller/sets.go:12.2,13.28 2 0
github.com/mborodin/uyuni-operator/internal/controller/sets.go:13.28,15.3 1 0
github.com/mborodin/uyuni-operator/internal/controller/sets.go:16.2,16.24 1 0
github.com/mborodin/uyuni-operator/internal/controller/sets.go:16.24,17.16 1 0
github.com/mborodin/uyuni-operator/internal/controller/sets.go:17.16,19.4 1 0
github.com/mborodin/uyuni-operator/internal/controller/sets.go:21.2,21.23 1 0
github.com/mborodin/uyuni-operator/internal/controller/sets.go:21.23,22.17 1 0
github.com/mborodin/uyuni-operator/internal/controller/sets.go:22.17,24.4 1 0
github.com/mborodin/uyuni-operator/internal/controller/sets.go:26.2,26.8 1 0
github.com/mborodin/uyuni-operator/internal/controller/sets.go:29.67,31.29 2 0
github.com/mborodin/uyuni-operator/internal/controller/sets.go:31.29,33.3 1 0
github.com/mborodin/uyuni-operator/internal/controller/sets.go:34.2,35.28 2 0
github.com/mborodin/uyuni-operator/internal/controller/sets.go:35.28,37.3 1 0
github.com/mborodin/uyuni-operator/internal/controller/sets.go:38.2,38.24 1 0
github.com/mborodin/uyuni-operator/internal/controller/sets.go:38.24,39.16 1 0
github.com/mborodin/uyuni-operator/internal/controller/sets.go:39.16,41.4 1 0
github.com/mborodin/uyuni-operator/internal/controller/sets.go:43.2,43.23 1 0
github.com/mborodin/uyuni-operator/internal/controller/sets.go:43.23,44.17 1 0
github.com/mborodin/uyuni-operator/internal/controller/sets.go:44.17,46.4 1 0
github.com/mborodin/uyuni-operator/internal/controller/sets.go:48.2,48.8 1 0
github.com/mborodin/uyuni-operator/internal/controller/sets.go:51.106,53.28 2 0
github.com/mborodin/uyuni-operator/internal/controller/sets.go:53.28,54.23 1 0
github.com/mborodin/uyuni-operator/internal/controller/sets.go:54.23,56.4 1 0
github.com/mborodin/uyuni-operator/internal/controller/sets.go:58.2,58.26 1 0
github.com/mborodin/uyuni-operator/internal/controller/sets.go:58.26,59.35 1 0
github.com/mborodin/uyuni-operator/internal/controller/sets.go:59.35,61.4 1 0
github.com/mborodin/uyuni-operator/internal/controller/sets.go:63.2,63.8 1 0
github.com/mborodin/uyuni-operator/internal/controller/sets.go:66.37,68.16 2 0
github.com/mborodin/uyuni-operator/internal/controller/sets.go:68.16,70.3 1 0
github.com/mborodin/uyuni-operator/internal/controller/sets.go:71.2,71.16 1 0
github.com/mborodin/uyuni-operator/internal/controller/sets.go:74.45,76.25 2 0
github.com/mborodin/uyuni-operator/internal/controller/sets.go:76.25,78.3 1 0
github.com/mborodin/uyuni-operator/internal/controller/sets.go:79.2,79.12 1 0
github.com/mborodin/uyuni-operator/internal/controller/softwarechannel_controller.go:30.107,32.60 2 0
github.com/mborodin/uyuni-operator/internal/controller/softwarechannel_controller.go:32.60,34.3 1 0
github.com/mborodin/uyuni-operator/internal/controller/softwarechannel_controller.go:36.2,36.36 1 0
github.com/mborodin/uyuni-operator/internal/controller/softwarechannel_controller.go:36.36,38.3 1 0
github.com/mborodin/uyuni-operator/internal/controller/softwarechannel_controller.go:40.2,41.16 2 0
github.com/mborodin/uyuni-operator/internal/controller/softwarechannel_controller.go:41.16,43.3 1 0
github.com/mborodin/uyuni-operator/internal/controller/softwarechannel_controller.go:45.2,45.39 1 0
github.com/mborodin/uyuni-operator/internal/controller/softwarechannel_controller.go:45.39,47.3 1 0
github.com/mborodin/uyuni-operator/internal/controller/softwarechannel_controller.go:49.2,49.108 1 0
github.com/mborodin/uyuni-operator/internal/controller/softwarechannel_controller.go:49.108,51.3 1 0
github.com/mborodin/uyuni-operator/internal/controller/softwarechannel_controller.go:54.2,55.16 2 0
github.com/mborodin/uyuni-operator/internal/controller/softwarechannel_controller.go:55.16,57.3 1 0
github.com/mborodin/uyuni-operator/internal/controller/softwarechannel_controller.go:58.2,58.22 1 0
github.com/mborodin/uyuni-operator/internal/controller/softwarechannel_controller.go:58.22,62.3 3 0
github.com/mborodin/uyuni-operator/internal/controller/softwarechannel_controller.go:65.2,67.27 3 0
github.com/mborodin/uyuni-operator/internal/controller/softwarechannel_controller.go:67.27,69.17 2 0
github.com/mborodin/uyuni-operator/internal/controller/softwarechannel_controller.go:69.17,71.4 1 0
github.com/mborodin/uyuni-operator/internal/controller/softwarechannel_controller.go:72.3,73.21 2 0
github.com/mborodin/uyuni-operator/internal/controller/softwarechannel_controller.go:73.21,75.4 1 0
github.com/mborodin/uyuni-operator/internal/controller/softwarechannel_controller.go:76.3,89.23 2 0
github.com/mborodin/uyuni-operator/internal/controller/softwarechannel_controller.go:89.23,91.71 1 0
github.com/mborodin/uyuni-operator/internal/controller/softwarechannel_controller.go:91.71,96.5 3 0
github.com/mborodin/uyuni-operator/internal/controller/softwarechannel_controller.go:97.4,97.54 1 0
github.com/mborodin/uyuni-operator/internal/controller/softwarechannel_controller.go:98.9,101.18 3 0
github.com/mborodin/uyuni-operator/internal/controller/softwarechannel_controller.go:101.18,103.5 1 0
github.com/mborodin/uyuni-operator/internal/controller/softwarechannel_controller.go:105.8,105.23 1 0
github.com/mborodin/uyuni-operator/internal/controller/softwarechannel_controller.go:105.23,107.3 1 0
github.com/mborodin/uyuni-operator/internal/controller/softwarechannel_controller.go:107.8,110.86 2 0
github.com/mborodin/uyuni-operator/internal/controller/softwarechannel_controller.go:110.86,112.4 1 0
github.com/mborodin/uyuni-operator/internal/controller/softwarechannel_controller.go:113.3,113.36 1 0
github.com/mborodin/uyuni-operator/internal/controller/softwarechannel_controller.go:113.36,114.95 1 0
github.com/mborodin/uyuni-operator/internal/controller/softwarechannel_controller.go:114.95,119.5 3 0
github.com/mborodin/uyuni-operator/internal/controller/softwarechannel_controller.go:123.2,127.38 3 0
github.com/mborodin/uyuni-operator/internal/controller/softwarechannel_controller.go:127.38,137.18 1 0
github.com/mborodin/uyuni-operator/internal/controller/softwarechannel_controller.go:137.18,139.4 1 0
github.com/mborodin/uyuni-operator/internal/controller/softwarechannel_controller.go:145.2,146.23 2 0
github.com/mborodin/uyuni-operator/internal/controller/softwarechannel_controller.go:146.23,148.3 1 0
github.com/mborodin/uyuni-operator/internal/controller/softwarechannel_controller.go:152.2,156.29 5 0
github.com/mborodin/uyuni-operator/internal/controller/softwarechannel_controller.go:156.29,160.3 2 0
github.com/mborodin/uyuni-operator/internal/controller/softwarechannel_controller.go:160.8,160.54 1 0
github.com/mborodin/uyuni-operator/internal/controller/softwarechannel_controller.go:160.54,164.3 2 0
github.com/mborodin/uyuni-operator/internal/controller/softwarechannel_controller.go:165.2,165.13 1 0
github.com/mborodin/uyuni-operator/internal/controller/softwarechannel_controller.go:165.13,167.3 1 0
github.com/mborodin/uyuni-operator/internal/controller/softwarechannel_controller.go:167.8,169.3 1 0
github.com/mborodin/uyuni-operator/internal/controller/softwarechannel_controller.go:172.2,173.16 2 0
github.com/mborodin/uyuni-operator/internal/controller/softwarechannel_controller.go:173.16,175.3 1 0
github.com/mborodin/uyuni-operator/internal/controller/softwarechannel_controller.go:176.2,176.20 1 0
github.com/mborodin/uyuni-operator/internal/controller/softwarechannel_controller.go:176.20,180.3 3 0
github.com/mborodin/uyuni-operator/internal/controller/softwarechannel_controller.go:183.2,184.42 2 0
github.com/mborodin/uyuni-operator/internal/controller/softwarechannel_controller.go:184.42,186.3 1 0
github.com/mborodin/uyuni-operator/internal/controller/softwarechannel_controller.go:187.2,188.33 2 0
github.com/mborodin/uyuni-operator/internal/controller/softwarechannel_controller.go:188.33,189.69 1 0
github.com/mborodin/uyuni-operator/internal/controller/softwarechannel_controller.go:189.69,191.4 1 0
github.com/mborodin/uyuni-operator/internal/controller/softwarechannel_controller.go:193.2,193.32 1 0
github.com/mborodin/uyuni-operator/internal/controller/softwarechannel_controller.go:193.32,194.72 1 0
github.com/mborodin/uyuni-operator/internal/controller/softwarechannel_controller.go:194.72,196.4 1 0
github.com/mborodin/uyuni-operator/internal/controller/softwarechannel_controller.go:200.2,200.29 1 0
github.com/mborodin/uyuni-operator/internal/controller/softwarechannel_controller.go:200.29,201.87 1 0
github.com/mborodin/uyuni-operator/internal/controller/softwarechannel_controller.go:201.87,203.4 1 0
github.com/mborodin/uyuni-operator/internal/controller/softwarechannel_controller.go:207.2,207.50 1 0
github.com/mborodin/uyuni-operator/internal/controller/softwarechannel_controller.go:207.50,208.63 1 0
github.com/mborodin/uyuni-operator/internal/controller/softwarechannel_controller.go:208.63,210.4 1 0
github.com/mborodin/uyuni-operator/internal/controller/softwarechannel_controller.go:211.3,214.44 4 0
github.com/mborodin/uyuni-operator/internal/controller/softwarechannel_controller.go:214.44,216.4 1 0
github.com/mborodin/uyuni-operator/internal/controller/softwarechannel_controller.go:220.2,220.46 1 0
github.com/mborodin/uyuni-operator/internal/controller/softwarechannel_controller.go:220.46,221.63 1 0
github.com/mborodin/uyuni-operator/internal/controller/softwarechannel_controller.go:221.63,223.4 1 0
github.com/mborodin/uyuni-operator/internal/controller/softwarechannel_controller.go:224.3,225.32 2 0
github.com/mborodin/uyuni-operator/internal/controller/softwarechannel_controller.go:228.2,231.19 3 0
github.com/mborodin/uyuni-operator/internal/controller/softwarechannel_controller.go:231.19,233.3 1 0
github.com/mborodin/uyuni-operator/internal/controller/softwarechannel_controller.go:234.2,241.9 2 0
github.com/mborodin/uyuni-operator/internal/controller/softwarechannel_controller.go:242.30,243.86 1 0
github.com/mborodin/uyuni-operator/internal/controller/softwarechannel_controller.go:244.33,245.87 1 0
github.com/mborodin/uyuni-operator/internal/controller/softwarechannel_controller.go:246.24,247.78 1 0
github.com/mborodin/uyuni-operator/internal/controller/softwarechannel_controller.go:248.10,250.144 1 0
github.com/mborodin/uyuni-operator/internal/controller/softwarechannel_controller.go:253.2,255.52 3 0
github.com/mborodin/uyuni-operator/internal/controller/softwarechannel_controller.go:255.52,257.3 1 0
github.com/mborodin/uyuni-operator/internal/controller/softwarechannel_controller.go:258.2,258.57 1 0
github.com/mborodin/uyuni-operator/internal/controller/softwarechannel_controller.go:261.123,262.41 1 0
github.com/mborodin/uyuni-operator/internal/controller/softwarechannel_controller.go:262.41,264.3 1 0
github.com/mborodin/uyuni-operator/internal/controller/softwarechannel_controller.go:265.2,265.54 1 0
github.com/mborodin/uyuni-operator/internal/controller/softwarechannel_controller.go:265.54,268.3 2 0
github.com/mborodin/uyuni-operator/internal/controller/softwarechannel_controller.go:269.2,269.28 1 0
github.com/mborodin/uyuni-operator/internal/controller/softwarechannel_controller.go:269.28,271.17 2 0
github.com/mborodin/uyuni-operator/internal/controller/softwarechannel_controller.go:271.17,273.4 1 0
github.com/mborodin/uyuni-operator/internal/controller/softwarechannel_controller.go:274.3,274.88 1 0
github.com/mborodin/uyuni-operator/internal/controller/softwarechannel_controller.go:274.88,276.4 1 0
github.com/mborodin/uyuni-operator/internal/controller/softwarechannel_controller.go:278.2,279.41 2 0
github.com/mborodin/uyuni-operator/internal/controller/softwarechannel_controller.go:282.140,283.37 1 0
github.com/mborodin/uyuni-operator/internal/controller/softwarechannel_controller.go:283.37,285.3 1 0
github.com/mborodin/uyuni-operator/internal/controller/softwarechannel_controller.go:286.2,287.16 2 0
github.com/mborodin/uyuni-operator/internal/controller/softwarechannel_controller.go:287.16,289.3 1 0
github.com/mborodin/uyuni-operator/internal/controller/softwarechannel_controller.go:290.2,290.19 1 0
github.com/mborodin/uyuni-operator/internal/controller/softwarechannel_controller.go:290.19,292.3 1 0
github.com/mborodin/uyuni-operator/internal/controller/softwarechannel_controller.go:293.2,293.32 1 0
github.com/mborodin/uyuni-operator/internal/controller/softwarechannel_controller.go:293.32,295.3 1 0
github.com/mborodin/uyuni-operator/internal/controller/softwarechannel_controller.go:296.2,296.35 1 0
github.com/mborodin/uyuni-operator/internal/controller/softwarechannel_controller.go:299.142,300.45 1 0
github.com/mborodin/uyuni-operator/internal/controller/softwarechannel_controller.go:300.45,302.106 2 0
github.com/mborodin/uyuni-operator/internal/controller/softwarechannel_controller.go:302.106,303.41 1 0
github.com/mborodin/uyuni-operator/internal/controller/softwarechannel_controller.go:303.41,305.5 1 0
github.com/mborodin/uyuni-operator/internal/controller/softwarechannel_controller.go:306.4,306.23 1 0
github.com/mborodin/uyuni-operator/internal/controller/softwarechannel_controller.go:308.3,308.30 1 0
github.com/mborodin/uyuni-operator/internal/controller/softwarechannel_controller.go:308.30,310.4 1 0
github.com/mborodin/uyuni-operator/internal/controller/softwarechannel_controller.go:311.3,311.45 1 0
github.com/mborodin/uyuni-operator/internal/controller/softwarechannel_controller.go:313.2,313.24 1 0
github.com/mborodin/uyuni-operator/internal/controller/softwarechannel_controller.go:316.139,320.2 3 0
github.com/mborodin/uyuni-operator/internal/controller/softwarechannel_controller.go:322.90,331.2 1 0
github.com/mborodin/uyuni-operator/internal/controller/softwarechannel_controller.go:333.78,339.2 1 0
github.com/mborodin/uyuni-operator/internal/controller/softwarechannel_controller.go:341.119,343.83 2 0
github.com/mborodin/uyuni-operator/internal/controller/softwarechannel_controller.go:343.83,345.3 1 0
github.com/mborodin/uyuni-operator/internal/controller/softwarechannel_controller.go:346.2,347.32 2 0
github.com/mborodin/uyuni-operator/internal/controller/softwarechannel_controller.go:347.32,348.46 1 0
github.com/mborodin/uyuni-operator/internal/controller/softwarechannel_controller.go:348.46,349.33 1 0
github.com/mborodin/uyuni-operator/internal/controller/softwarechannel_controller.go:349.33,353.10 2 0
github.com/mborodin/uyuni-operator/internal/controller/softwarechannel_controller.go:357.2,357.12 1 0
github.com/mborodin/uyuni-operator/internal/controller/system_controller.go:43.98,45.61 2 0
github.com/mborodin/uyuni-operator/internal/controller/system_controller.go:45.61,47.3 1 0
github.com/mborodin/uyuni-operator/internal/controller/system_controller.go:49.2,49.30 1 0
github.com/mborodin/uyuni-operator/internal/controller/system_controller.go:49.30,51.3 1 0
github.com/mborodin/uyuni-operator/internal/controller/system_controller.go:53.2,53.37 1 0
github.com/mborodin/uyuni-operator/internal/controller/system_controller.go:53.37,55.3 1 0
github.com/mborodin/uyuni-operator/internal/controller/system_controller.go:57.2,58.16 2 0
github.com/mborodin/uyuni-operator/internal/controller/system_controller.go:58.16,60.3 1 0
github.com/mborodin/uyuni-operator/internal/controller/system_controller.go:62.2,62.41 1 0
github.com/mborodin/uyuni-operator/internal/controller/system_controller.go:62.41,64.3 1 0
github.com/mborodin/uyuni-operator/internal/controller/system_controller.go:66.2,66.110 1 0
github.com/mborodin/uyuni-operator/internal/controller/system_controller.go:66.110,68.3 1 0
github.com/mborodin/uyuni-operator/internal/controller/system_controller.go:73.2,73.60 1 0
github.com/mborodin/uyuni-operator/internal/controller/system_controller.go:73.60,75.3 1 0
github.com/mborodin/uyuni-operator/internal/controller/system_controller.go:78.2,79.16 2 0
github.com/mborodin/uyuni-operator/internal/controller/system_controller.go:79.16,81.3 1 0
github.com/mborodin/uyuni-operator/internal/controller/system_controller.go:83.2,83.12 1 0
github.com/mborodin/uyuni-operator/internal/controller/system_controller.go:83.12,85.3 1 0
github.com/mborodin/uyuni-operator/internal/controller/system_controller.go:88.2,88.44 1 0
github.com/mborodin/uyuni-operator/internal/controller/system_controller.go:88.44,90.54 2 0
github.com/mborodin/uyuni-operator/internal/controller/system_controller.go:90.54,92.4 1 0
github.com/mborodin/uyuni-operator/internal/controller/system_controller.go:95.2,95.46 1 0
github.com/mborodin/uyuni-operator/internal/controller/system_controller.go:102.132,103.35 1 0
github.com/mborodin/uyuni-operator/internal/controller/system_controller.go:103.35,105.17 2 0
github.com/mborodin/uyuni-operator/internal/controller/system_controller.go:105.17,107.4 1 0
github.com/mborodin/uyuni-operator/internal/controller/system_controller.go:108.3,108.29 1 0
github.com/mborodin/uyuni-operator/internal/controller/system_controller.go:108.29,110.4 1 0
github.com/mborodin/uyuni-operator/internal/controller/system_controller.go:112.3,112.31 1 0
github.com/mborodin/uyuni-operator/internal/controller/system_controller.go:115.2,116.16 2 0
github.com/mborodin/uyuni-operator/internal/controller/system_controller.go:116.16,118.3 1 0
github.com/mborodin/uyuni-operator/internal/controller/system_controller.go:119.2,119.28 1 0
github.com/mborodin/uyuni-operator/internal/controller/system_controller.go:119.28,121.3 1 0
github.com/mborodin/uyuni-operator/internal/controller/system_controller.go:123.2,123.24 1 0
github.com/mborodin/uyuni-operator/internal/controller/system_controller.go:123.24,124.40 1 0
github.com/mborodin/uyuni-operator/internal/controller/system_controller.go:124.40,125.28 1 0
github.com/mborodin/uyuni-operator/internal/controller/system_controller.go:125.28,126.13 1 0
github.com/mborodin/uyuni-operator/internal/controller/system_controller.go:128.4,129.18 2 0
github.com/mborodin/uyuni-operator/internal/controller/system_controller.go:129.18,131.5 1 0
github.com/mborodin/uyuni-operator/internal/controller/system_controller.go:132.4,132.30 1 0
github.com/mborodin/uyuni-operator/internal/controller/system_controller.go:132.30,134.5 1 0
github.com/mborodin/uyuni-operator/internal/controller/system_controller.go:138.2,138.24 1 0
github.com/mborodin/uyuni-operator/internal/controller/system_controller.go:146.55,147.55 1 0
github.com/mborodin/uyuni-operator/internal/controller/system_controller.go:147.55,149.3 1 0
github.com/mborodin/uyuni-operator/internal/controller/system_controller.go:150.2,150.17 1 0
github.com/mborodin/uyuni-operator/internal/controller/system_controller.go:156.125,160.104 2 0
github.com/mborodin/uyuni-operator/internal/controller/system_controller.go:160.104,162.40 2 0
github.com/mborodin/uyuni-operator/internal/controller/system_controller.go:162.40,163.28 1 0
github.com/mborodin/uyuni-operator/internal/controller/system_controller.go:163.28,165.10 2 0
github.com/mborodin/uyuni-operator/internal/controller/system_controller.go:168.3,172.17 2 0
github.com/mborodin/uyuni-operator/internal/controller/system_controller.go:172.17,174.60 2 0
github.com/mborodin/uyuni-operator/internal/controller/system_controller.go:174.60,180.95 3 0
github.com/mborodin/uyuni-operator/internal/controller/system_controller.go:180.95,182.39 2 0
github.com/mborodin/uyuni-operator/internal/controller/system_controller.go:182.39,184.7 1 0
github.com/mborodin/uyuni-operator/internal/controller/system_controller.go:185.6,185.45 1 0
github.com/mborodin/uyuni-operator/internal/controller/system_controller.go:185.45,186.33 1 0
github.com/mborodin/uyuni-operator/internal/controller/system_controller.go:186.33,187.60 1 0
github.com/mborodin/uyuni-operator/internal/controller/system_controller.go:187.60,189.14 2 0
github.com/mborodin/uyuni-operator/internal/controller/system_controller.go:194.5,196.59 3 0
github.com/mborodin/uyuni-operator/internal/controller/system_controller.go:198.4,198.48 1 0
github.com/mborodin/uyuni-operator/internal/controller/system_controller.go:200.3,208.53 7 0
github.com/mborodin/uyuni-operator/internal/controller/system_controller.go:208.53,210.4 1 0
github.com/mborodin/uyuni-operator/internal/controller/system_controller.go:211.3,211.58 1 0
github.com/mborodin/uyuni-operator/internal/controller/system_controller.go:220.2,220.87 1 0
github.com/mborodin/uyuni-operator/internal/controller/system_controller.go:220.87,222.26 2 0
github.com/mborodin/uyuni-operator/internal/controller/system_controller.go:222.26,227.4 3 0
github.com/mborodin/uyuni-operator/internal/controller/system_controller.go:228.8,228.31 1 0
github.com/mborodin/uyuni-operator/internal/controller/system_controller.go:228.31,234.3 4 0
github.com/mborodin/uyuni-operator/internal/controller/system_controller.go:236.2,238.52 2 0
github.com/mborodin/uyuni-operator/internal/controller/system_controller.go:238.52,240.3 1 0
github.com/mborodin/uyuni-operator/internal/controller/system_controller.go:241.2,241.57 1 0
github.com/mborodin/uyuni-operator/internal/controller/system_controller.go:245.147,247.56 1 0
github.com/mborodin/uyuni-operator/internal/controller/system_controller.go:247.56,248.34 1 0
github.com/mborodin/uyuni-operator/internal/controller/system_controller.go:248.34,254.4 3 0
github.com/mborodin/uyuni-operator/internal/controller/system_controller.go:255.3,256.17 2 0
github.com/mborodin/uyuni-operator/internal/controller/system_controller.go:256.17,258.4 1 0
github.com/mborodin/uyuni-operator/internal/controller/system_controller.go:259.3,259.23 1 0
github.com/mborodin/uyuni-operator/internal/controller/system_controller.go:259.23,263.4 3 0
github.com/mborodin/uyuni-operator/internal/controller/system_controller.go:264.3,265.43 2 0
github.com/mborodin/uyuni-operator/internal/controller/system_controller.go:265.43,267.4 1 0
github.com/mborodin/uyuni-operator/internal/controller/system_controller.go:268.3,269.17 2 0
github.com/mborodin/uyuni-operator/internal/controller/system_controller.go:269.17,271.4 1 0
github.com/mborodin/uyuni-operator/internal/controller/system_controller.go:272.3,281.53 8 0
github.com/mborodin/uyuni-operator/internal/controller/system_controller.go:281.53,283.4 1 0
github.com/mborodin/uyuni-operator/internal/controller/system_controller.go:285.3,286.73 2 0
github.com/mborodin/uyuni-operator/internal/controller/system_controller.go:293.2,294.23 2 0
github.com/mborodin/uyuni-operator/internal/controller/system_controller.go:294.23,296.3 1 0
github.com/mborodin/uyuni-operator/internal/controller/system_controller.go:297.2,299.49 3 0
github.com/mborodin/uyuni-operator/internal/controller/system_controller.go:299.49,302.3 2 0
github.com/mborodin/uyuni-operator/internal/controller/system_controller.go:303.2,303.42 1 0
github.com/mborodin/uyuni-operator/internal/controller/system_controller.go:303.42,306.3 2 0
github.com/mborodin/uyuni-operator/internal/controller/system_controller.go:307.2,307.17 1 0
github.com/mborodin/uyuni-operator/internal/controller/system_controller.go:307.17,308.91 1 0
github.com/mborodin/uyuni-operator/internal/controller/system_controller.go:308.91,310.4 1 0
github.com/mborodin/uyuni-operator/internal/controller/system_controller.go:322.2,324.53 3 0
github.com/mborodin/uyuni-operator/internal/controller/system_controller.go:324.53,325.44 1 0
github.com/mborodin/uyuni-operator/internal/controller/system_controller.go:325.44,328.4 2 0
github.com/mborodin/uyuni-operator/internal/controller/system_controller.go:328.9,328.51 1 0
github.com/mborodin/uyuni-operator/internal/controller/system_controller.go:328.51,331.4 2 0
github.com/mborodin/uyuni-operator/internal/controller/system_controller.go:333.2,333.21 1 0
github.com/mborodin/uyuni-operator/internal/controller/system_controller.go:333.21,335.3 1 0
github.com/mborodin/uyuni-operator/internal/controller/system_controller.go:335.8,337.3 1 0
github.com/mborodin/uyuni-operator/internal/controller/system_controller.go:340.2,346.16 2 0
github.com/mborodin/uyuni-operator/internal/controller/system_controller.go:346.16,348.3 1 0
github.com/mborodin/uyuni-operator/internal/controller/system_controller.go:349.2,349.25 1 0
github.com/mborodin/uyuni-operator/internal/controller/system_controller.go:349.25,353.3 2 0
github.com/mborodin/uyuni-operator/internal/controller/system_controller.go:354.2,354.26 1 0
github.com/mborodin/uyuni-operator/internal/controller/system_controller.go:354.26,358.3 2 0
github.com/mborodin/uyuni-operator/internal/controller/system_controller.go:364.2,373.89 3 0
github.com/mborodin/uyuni-operator/internal/controller/system_controller.go:373.89,375.3 1 0
github.com/mborodin/uyuni-operator/internal/controller/system_controller.go:376.2,376.96 1 0
github.com/mborodin/uyuni-operator/internal/controller/system_controller.go:376.96,378.3 1 0
github.com/mborodin/uyuni-operator/internal/controller/system_controller.go:380.2,380.36 1 0
github.com/mborodin/uyuni-operator/internal/controller/system_controller.go:380.36,392.54 1 0
github.com/mborodin/uyuni-operator/internal/controller/system_controller.go:392.54,395.35 1 0
github.com/mborodin/uyuni-operator/internal/controller/system_controller.go:395.35,397.19 2 0
github.com/mborodin/uyuni-operator/internal/controller/system_controller.go:397.19,399.6 1 0
github.com/mborodin/uyuni-operator/internal/controller/system_controller.go:400.5,400.24 1 0
github.com/mborodin/uyuni-operator/internal/controller/system_controller.go:400.24,402.37 2 0
github.com/mborodin/uyuni-operator/internal/controller/system_controller.go:402.37,403.94 1 0
github.com/mborodin/uyuni-operator/internal/controller/system_controller.go:403.94,405.8 1 0
github.com/mborodin/uyuni-operator/internal/controller/system_controller.go:407.6,407.36 1 0
github.com/mborodin/uyuni-operator/internal/controller/system_controller.go:407.36,408.99 1 0
github.com/mborodin/uyuni-operator/internal/controller/system_controller.go:408.99,410.8 1 0
github.com/mborodin/uyuni-operator/internal/controller/system_controller.go:412.6,412.43 1 0
github.com/mborodin/uyuni-operator/internal/controller/system_controller.go:420.4,421.18 2 0
github.com/mborodin/uyuni-operator/internal/controller/system_controller.go:421.18,423.5 1 0
github.com/mborodin/uyuni-operator/internal/controller/system_controller.go:424.4,425.25 2 0
github.com/mborodin/uyuni-operator/internal/controller/system_controller.go:425.25,427.5 1 0
github.com/mborodin/uyuni-operator/internal/controller/system_controller.go:428.4,430.83 2 0
github.com/mborodin/uyuni-operator/internal/controller/system_controller.go:432.3,432.85 1 0
github.com/mborodin/uyuni-operator/internal/controller/system_controller.go:432.85,433.97 1 0
github.com/mborodin/uyuni-operator/internal/controller/system_controller.go:433.97,435.5 1 0
github.com/mborodin/uyuni-operator/internal/controller/system_controller.go:437.3,437.77 1 0
github.com/mborodin/uyuni-operator/internal/controller/system_controller.go:437.77,438.101 1 0
github.com/mborodin/uyuni-operator/internal/controller/system_controller.go:438.101,440.5 1 0
github.com/mborodin/uyuni-operator/internal/controller/system_controller.go:442.8,443.74 1 0
github.com/mborodin/uyuni-operator/internal/controller/system_controller.go:443.74,445.71 1 0
github.com/mborodin/uyuni-operator/internal/controller/system_controller.go:445.71,447.4 1 0
github.com/mborodin/uyuni-operator/internal/controller/system_controller.go:451.2,452.16 2 0
github.com/mborodin/uyuni-operator/internal/controller/system_controller.go:452.16,454.3 1 0
github.com/mborodin/uyuni-operator/internal/controller/system_controller.go:455.2,455.18 1 0
github.com/mborodin/uyuni-operator/internal/controller/system_controller.go:455.18,459.3 2 0
github.com/mborodin/uyuni-operator/internal/controller/system_controller.go:460.2,460.68 1 0
github.com/mborodin/uyuni-operator/internal/controller/system_controller.go:460.68,461.95 1 0
github.com/mborodin/uyuni-operator/internal/controller/system_controller.go:461.95,463.4 1 0
github.com/mborodin/uyuni-operator/internal/controller/system_controller.go:465.2,469.16 3 0
github.com/mborodin/uyuni-operator/internal/controller/system_controller.go:469.16,471.3 1 0
github.com/mborodin/uyuni-operator/internal/controller/system_controller.go:472.2,472.21 1 0
github.com/mborodin/uyuni-operator/internal/controller/system_controller.go:472.21,476.3 2 0
github.com/mborodin/uyuni-operator/internal/controller/system_controller.go:477.2,478.33 2 0
github.com/mborodin/uyuni-operator/internal/controller/system_controller.go:478.33,479.90 1 0
github.com/mborodin/uyuni-operator/internal/controller/system_controller.go:479.90,481.4 1 0
github.com/mborodin/uyuni-operator/internal/controller/system_controller.go:483.2,483.32 1 0
github.com/mborodin/uyuni-operator/internal/controller/system_controller.go:483.32,484.95 1 0
github.com/mborodin/uyuni-operator/internal/controller/system_controller.go:484.95,486.4 1 0
github.com/mborodin/uyuni-operator/internal/controller/system_controller.go:488.2,492.42 3 0
github.com/mborodin/uyuni-operator/internal/controller/system_controller.go:492.42,494.3 1 0
github.com/mborodin/uyuni-operator/internal/controller/system_controller.go:500.2,502.21 3 0
github.com/mborodin/uyuni-operator/internal/controller/system_controller.go:502.21,503.86 1 0
github.com/mborodin/uyuni-operator/internal/controller/system_controller.go:503.86,504.60 1 0
github.com/mborodin/uyuni-operator/internal/controller/system_controller.go:504.60,512.5 2 0
github.com/mborodin/uyuni-operator/internal/controller/system_controller.go:513.4,513.48 1 0
github.com/mborodin/uyuni-operator/internal/controller/system_controller.go:516.2,516.20 1 0
github.com/mborodin/uyuni-operator/internal/controller/system_controller.go:516.20,517.85 1 0
github.com/mborodin/uyuni-operator/internal/controller/system_controller.go:517.85,519.4 1 0
github.com/mborodin/uyuni-operator/internal/controller/system_controller.go:521.2,525.16 3 0
github.com/mborodin/uyuni-operator/internal/controller/system_controller.go:525.16,527.3 1 0
github.com/mborodin/uyuni-operator/internal/controller/system_controller.go:528.2,528.20 1 0
github.com/mborodin/uyuni-operator/internal/controller/system_controller.go:528.20,532.3 2 0
github.com/mborodin/uyuni-operator/internal/controller/system_controller.go:533.2,534.42 2 0
github.com/mborodin/uyuni-operator/internal/controller/system_controller.go:534.42,536.3 1 0
github.com/mborodin/uyuni-operator/internal/controller/system_controller.go:537.2,538.20 2 0
github.com/mborodin/uyuni-operator/internal/controller/system_controller.go:538.20,539.80 1 0
github.com/mborodin/uyuni-operator/internal/controller/system_controller.go:539.80,541.4 1 0
github.com/mborodin/uyuni-operator/internal/controller/system_controller.go:543.2,543.22 1 0
github.com/mborodin/uyuni-operator/internal/controller/system_controller.go:543.22,544.85 1 0
github.com/mborodin/uyuni-operator/internal/controller/system_controller.go:544.85,546.4 1 0
github.com/mborodin/uyuni-operator/internal/controller/system_controller.go:550.2,551.16 2 0
github.com/mborodin/uyuni-operator/internal/controller/system_controller.go:551.16,553.3 1 0
github.com/mborodin/uyuni-operator/internal/controller/system_controller.go:554.2,554.23 1 0
github.com/mborodin/uyuni-operator/internal/controller/system_controller.go:554.23,558.3 2 0
github.com/mborodin/uyuni-operator/internal/controller/system_controller.go:561.2,562.16 2 0
github.com/mborodin/uyuni-operator/internal/controller/system_controller.go:562.16,564.3 1 0
github.com/mborodin/uyuni-operator/internal/controller/system_controller.go:565.2,565.21 1 0
github.com/mborodin/uyuni-operator/internal/controller/system_controller.go:565.21,569.3 2 0
github.com/mborodin/uyuni-operator/internal/controller/system_controller.go:572.2,572.88 1 0
github.com/mborodin/uyuni-operator/internal/controller/system_controller.go:572.88,574.102 2 0
github.com/mborodin/uyuni-operator/internal/controller/system_controller.go:574.102,575.36 1 0
github.com/mborodin/uyuni-operator/internal/controller/system_controller.go:575.36,577.5 1 0
github.com/mborodin/uyuni-operator/internal/controller/system_controller.go:577.10,579.5 1 0
github.com/mborodin/uyuni-operator/internal/controller/system_controller.go:583.2,584.17 2 0
github.com/mborodin/uyuni-operator/internal/controller/system_controller.go:584.17,587.3 2 0
github.com/mborodin/uyuni-operator/internal/controller/system_controller.go:593.2,593.65 1 0
github.com/mborodin/uyuni-operator/internal/controller/system_controller.go:593.65,594.103 1 0
github.com/mborodin/uyuni-operator/internal/controller/system_controller.go:594.103,596.4 1 0
github.com/mborodin/uyuni-operator/internal/controller/system_controller.go:598.2,603.52 5 0
github.com/mborodin/uyuni-operator/internal/controller/system_controller.go:603.52,605.3 1 0
github.com/mborodin/uyuni-operator/internal/controller/system_controller.go:606.2,606.56 1 0
github.com/mborodin/uyuni-operator/internal/controller/system_controller.go:609.106,610.43 1 0
github.com/mborodin/uyuni-operator/internal/controller/system_controller.go:610.43,612.3 1 0
github.com/mborodin/uyuni-operator/internal/controller/system_controller.go:613.2,613.55 1 0
github.com/mborodin/uyuni-operator/internal/controller/system_controller.go:613.55,616.3 2 0
github.com/mborodin/uyuni-operator/internal/controller/system_controller.go:617.2,617.35 1 0
github.com/mborodin/uyuni-operator/internal/controller/system_controller.go:617.35,619.17 2 0
github.com/mborodin/uyuni-operator/internal/controller/system_controller.go:619.17,621.4 1 0
github.com/mborodin/uyuni-operator/internal/controller/system_controller.go:623.3,623.46 1 0
github.com/mborodin/uyuni-operator/internal/controller/system_controller.go:623.46,625.4 1 0
github.com/mborodin/uyuni-operator/internal/controller/system_controller.go:626.3,626.42 1 0
github.com/mborodin/uyuni-operator/internal/controller/system_controller.go:626.42,627.99 1 0
github.com/mborodin/uyuni-operator/internal/controller/system_controller.go:627.99,629.5 1 0
github.com/mborodin/uyuni-operator/internal/controller/system_controller.go:632.2,633.42 2 0
github.com/mborodin/uyuni-operator/internal/controller/system_controller.go:638.141,641.49 2 0
github.com/mborodin/uyuni-operator/internal/controller/system_controller.go:641.49,643.105 2 0
github.com/mborodin/uyuni-operator/internal/controller/system_controller.go:643.105,644.41 1 0
github.com/mborodin/uyuni-operator/internal/controller/system_controller.go:644.41,646.5 1 0
github.com/mborodin/uyuni-operator/internal/controller/system_controller.go:647.4,647.23 1 0
github.com/mborodin/uyuni-operator/internal/controller/system_controller.go:649.3,649.29 1 0
github.com/mborodin/uyuni-operator/internal/controller/system_controller.go:649.29,651.4 1 0
github.com/mborodin/uyuni-operator/internal/controller/system_controller.go:652.3,652.24 1 0
github.com/mborodin/uyuni-operator/internal/controller/system_controller.go:652.24,655.4 2 0
github.com/mborodin/uyuni-operator/internal/controller/system_controller.go:658.2,658.46 1 0
github.com/mborodin/uyuni-operator/internal/controller/system_controller.go:658.46,660.110 2 0
github.com/mborodin/uyuni-operator/internal/controller/system_controller.go:660.110,661.41 1 0
github.com/mborodin/uyuni-operator/internal/controller/system_controller.go:661.41,662.13 1 0
github.com/mborodin/uyuni-operator/internal/controller/system_controller.go:664.4,664.23 1 0
github.com/mborodin/uyuni-operator/internal/controller/system_controller.go:666.3,666.51 1 0
github.com/mborodin/uyuni-operator/internal/controller/system_controller.go:666.51,668.108 2 0
github.com/mborodin/uyuni-operator/internal/controller/system_controller.go:668.108,669.42 1 0
github.com/mborodin/uyuni-operator/internal/controller/system_controller.go:669.42,670.14 1 0
github.com/mborodin/uyuni-operator/internal/controller/system_controller.go:672.5,672.24 1 0
github.com/mborodin/uyuni-operator/internal/controller/system_controller.go:674.4,674.30 1 0
github.com/mborodin/uyuni-operator/internal/controller/system_controller.go:674.30,675.13 1 0
github.com/mborodin/uyuni-operator/internal/controller/system_controller.go:677.4,677.25 1 0
github.com/mborodin/uyuni-operator/internal/controller/system_controller.go:677.25,680.5 2 0
github.com/mborodin/uyuni-operator/internal/controller/system_controller.go:684.2,684.24 1 0
github.com/mborodin/uyuni-operator/internal/controller/system_controller.go:690.122,692.15 2 0
github.com/mborodin/uyuni-operator/internal/controller/system_controller.go:692.15,694.3 1 0
github.com/mborodin/uyuni-operator/internal/controller/system_controller.go:695.2,695.22 1 0
github.com/mborodin/uyuni-operator/internal/controller/system_controller.go:695.22,697.3 1 0
github.com/mborodin/uyuni-operator/internal/controller/system_controller.go:698.2,698.26 1 0
github.com/mborodin/uyuni-operator/internal/controller/system_controller.go:698.26,700.115 2 0
github.com/mborodin/uyuni-operator/internal/controller/system_controller.go:700.115,701.41 1 0
github.com/mborodin/uyuni-operator/internal/controller/system_controller.go:701.41,703.5 1 0
github.com/mborodin/uyuni-operator/internal/controller/system_controller.go:704.4,704.22 1 0
github.com/mborodin/uyuni-operator/internal/controller/system_controller.go:706.3,706.40 1 0
github.com/mborodin/uyuni-operator/internal/controller/system_controller.go:706.40,708.4 1 0
github.com/mborodin/uyuni-operator/internal/controller/system_controller.go:709.3,709.32 1 0
github.com/mborodin/uyuni-operator/internal/controller/system_controller.go:711.2,711.20 1 0
github.com/mborodin/uyuni-operator/internal/controller/system_controller.go:728.56,730.25 2 0
github.com/mborodin/uyuni-operator/internal/controller/system_controller.go:730.25,731.27 1 0
github.com/mborodin/uyuni-operator/internal/controller/system_controller.go:731.27,733.4 1 0
github.com/mborodin/uyuni-operator/internal/controller/system_controller.go:735.2,735.12 1 0
github.com/mborodin/uyuni-operator/internal/controller/system_controller.go:745.99,746.56 1 0
github.com/mborodin/uyuni-operator/internal/controller/system_controller.go:746.56,748.3 1 0
github.com/mborodin/uyuni-operator/internal/controller/system_controller.go:749.2,750.16 2 0
github.com/mborodin/uyuni-operator/internal/controller/system_controller.go:750.16,752.3 1 0
github.com/mborodin/uyuni-operator/internal/controller/system_controller.go:753.2,753.38 1 0
github.com/mborodin/uyuni-operator/internal/controller/system_controller.go:753.38,755.3 1 0
github.com/mborodin/uyuni-operator/internal/controller/system_controller.go:756.2,757.16 2 0
github.com/mborodin/uyuni-operator/internal/controller/system_controller.go:757.16,759.3 1 0
github.com/mborodin/uyuni-operator/internal/controller/system_controller.go:760.2,760.20 1 0
github.com/mborodin/uyuni-operator/internal/controller/system_controller.go:760.20,762.3 1 0
github.com/mborodin/uyuni-operator/internal/controller/system_controller.go:764.2,766.37 3 0
github.com/mborodin/uyuni-operator/internal/controller/system_controller.go:766.37,774.13 2 0
github.com/mborodin/uyuni-operator/internal/controller/system_controller.go:774.13,777.4 2 0
github.com/mborodin/uyuni-operator/internal/controller/system_controller.go:778.3,778.30 1 0
github.com/mborodin/uyuni-operator/internal/controller/system_controller.go:781.2,782.77 2 0
github.com/mborodin/uyuni-operator/internal/controller/system_controller.go:782.77,794.3 11 0
github.com/mborodin/uyuni-operator/internal/controller/system_controller.go:794.17,796.3 1 0
github.com/mborodin/uyuni-operator/internal/controller/system_controller.go:797.2,798.12 2 0
github.com/mborodin/uyuni-operator/internal/controller/system_controller.go:802.87,803.37 1 0
github.com/mborodin/uyuni-operator/internal/controller/system_controller.go:803.37,805.3 1 0
github.com/mborodin/uyuni-operator/internal/controller/system_controller.go:806.2,807.126 2 0
github.com/mborodin/uyuni-operator/internal/controller/system_controller.go:807.126,809.3 1 0
github.com/mborodin/uyuni-operator/internal/controller/system_controller.go:810.2,810.32 1 0
github.com/mborodin/uyuni-operator/internal/controller/system_controller.go:810.32,812.3 1 0
github.com/mborodin/uyuni-operator/internal/controller/system_controller.go:813.2,813.30 1 0
github.com/mborodin/uyuni-operator/internal/controller/system_controller.go:819.94,820.62 1 0
github.com/mborodin/uyuni-operator/internal/controller/system_controller.go:820.62,822.3 1 0
github.com/mborodin/uyuni-operator/internal/controller/system_controller.go:823.2,824.121 2 0
github.com/mborodin/uyuni-operator/internal/controller/system_controller.go:824.121,826.3 1 0
github.com/mborodin/uyuni-operator/internal/controller/system_controller.go:827.2,827.31 1 0
github.com/mborodin/uyuni-operator/internal/controller/system_controller.go:827.31,829.3 1 0
github.com/mborodin/uyuni-operator/internal/controller/system_controller.go:830.2,830.28 1 0
github.com/mborodin/uyuni-operator/internal/controller/system_controller.go:839.133,841.33 2 0
github.com/mborodin/uyuni-operator/internal/controller/system_controller.go:841.33,843.3 1 0
github.com/mborodin/uyuni-operator/internal/controller/system_controller.go:844.2,846.57 2 0
github.com/mborodin/uyuni-operator/internal/controller/system_controller.go:846.57,847.10 1 0
github.com/mborodin/uyuni-operator/internal/controller/system_controller.go:848.29,850.106 2 0
github.com/mborodin/uyuni-operator/internal/controller/system_controller.go:850.106,851.42 1 0
github.com/mborodin/uyuni-operator/internal/controller/system_controller.go:851.42,853.6 1 0
github.com/mborodin/uyuni-operator/internal/controller/system_controller.go:854.5,854.24 1 0
github.com/mborodin/uyuni-operator/internal/controller/system_controller.go:856.4,856.31 1 0
github.com/mborodin/uyuni-operator/internal/controller/system_controller.go:856.31,858.5 1 0
github.com/mborodin/uyuni-operator/internal/controller/system_controller.go:859.32,861.108 2 0
github.com/mborodin/uyuni-operator/internal/controller/system_controller.go:861.108,862.42 1 0
github.com/mborodin/uyuni-operator/internal/controller/system_controller.go:862.42,864.6 1 0
github.com/mborodin/uyuni-operator/internal/controller/system_controller.go:865.5,865.24 1 0
github.com/mborodin/uyuni-operator/internal/controller/system_controller.go:867.4,867.30 1 0
github.com/mborodin/uyuni-operator/internal/controller/system_controller.go:867.30,869.5 1 0
github.com/mborodin/uyuni-operator/internal/controller/system_controller.go:873.2,873.51 1 0
github.com/mborodin/uyuni-operator/internal/controller/system_controller.go:873.51,874.25 1 0
github.com/mborodin/uyuni-operator/internal/controller/system_controller.go:874.25,876.12 2 0
github.com/mborodin/uyuni-operator/internal/controller/system_controller.go:878.3,878.10 1 0
github.com/mborodin/uyuni-operator/internal/controller/system_controller.go:879.40,882.96 3 0
github.com/mborodin/uyuni-operator/internal/controller/system_controller.go:882.96,883.42 1 0
github.com/mborodin/uyuni-operator/internal/controller/system_controller.go:883.42,885.6 1 0
github.com/mborodin/uyuni-operator/internal/controller/system_controller.go:886.5,886.24 1 0
github.com/mborodin/uyuni-operator/internal/controller/system_controller.go:888.4,889.11 2 0
github.com/mborodin/uyuni-operator/internal/controller/system_controller.go:889.11,891.5 1 0
github.com/mborodin/uyuni-operator/internal/controller/system_controller.go:892.4,892.30 1 0
github.com/mborodin/uyuni-operator/internal/controller/system_controller.go:893.43,896.95 3 0
github.com/mborodin/uyuni-operator/internal/controller/system_controller.go:896.95,897.42 1 0
github.com/mborodin/uyuni-operator/internal/controller/system_controller.go:897.42,899.6 1 0
github.com/mborodin/uyuni-operator/internal/controller/system_controller.go:900.5,900.24 1 0
github.com/mborodin/uyuni-operator/internal/controller/system_controller.go:902.4,903.11 2 0
github.com/mborodin/uyuni-operator/internal/controller/system_controller.go:903.11,905.5 1 0
github.com/mborodin/uyuni-operator/internal/controller/system_controller.go:906.4,906.22 1 0
github.com/mborodin/uyuni-operator/internal/controller/system_controller.go:909.2,909.21 1 0
github.com/mborodin/uyuni-operator/internal/controller/system_controller.go:913.134,914.41 1 0
github.com/mborodin/uyuni-operator/internal/controller/system_controller.go:914.41,916.105 2 0
github.com/mborodin/uyuni-operator/internal/controller/system_controller.go:916.105,917.41 1 0
github.com/mborodin/uyuni-operator/internal/controller/system_controller.go:917.41,919.5 1 0
github.com/mborodin/uyuni-operator/internal/controller/system_controller.go:920.4,920.23 1 0
github.com/mborodin/uyuni-operator/internal/controller/system_controller.go:922.3,922.29 1 0
github.com/mborodin/uyuni-operator/internal/controller/system_controller.go:922.29,924.4 1 0
github.com/mborodin/uyuni-operator/internal/controller/system_controller.go:925.3,925.38 1 0
github.com/mborodin/uyuni-operator/internal/controller/system_controller.go:927.2,927.23 1 0
github.com/mborodin/uyuni-operator/internal/controller/system_controller.go:930.122,934.2 3 0
github.com/mborodin/uyuni-operator/internal/controller/system_controller.go:939.129,941.46 2 0
github.com/mborodin/uyuni-operator/internal/controller/system_controller.go:941.46,943.111 2 0
github.com/mborodin/uyuni-operator/internal/controller/system_controller.go:943.111,944.41 1 0
github.com/mborodin/uyuni-operator/internal/controller/system_controller.go:944.41,946.5 1 0
github.com/mborodin/uyuni-operator/internal/controller/system_controller.go:947.4,947.23 1 0
github.com/mborodin/uyuni-operator/internal/controller/system_controller.go:949.3,949.30 1 0
github.com/mborodin/uyuni-operator/internal/controller/system_controller.go:949.30,951.4 1 0
github.com/mborodin/uyuni-operator/internal/controller/system_controller.go:952.3,952.32 1 0
github.com/mborodin/uyuni-operator/internal/controller/system_controller.go:954.2,954.21 1 0
github.com/mborodin/uyuni-operator/internal/controller/system_controller.go:960.118,962.38 2 0
github.com/mborodin/uyuni-operator/internal/controller/system_controller.go:962.38,964.3 1 0
github.com/mborodin/uyuni-operator/internal/controller/system_controller.go:966.2,966.22 1 0
github.com/mborodin/uyuni-operator/internal/controller/system_controller.go:966.22,968.17 2 0
github.com/mborodin/uyuni-operator/internal/controller/system_controller.go:968.17,970.4 1 0
github.com/mborodin/uyuni-operator/internal/controller/system_controller.go:971.3,972.27 2 0
github.com/mborodin/uyuni-operator/internal/controller/system_controller.go:972.27,974.4 1 0
github.com/mborodin/uyuni-operator/internal/controller/system_controller.go:975.3,975.29 1 0
github.com/mborodin/uyuni-operator/internal/controller/system_controller.go:975.29,976.20 1 0
github.com/mborodin/uyuni-operator/internal/controller/system_controller.go:976.20,978.5 1 0
github.com/mborodin/uyuni-operator/internal/controller/system_controller.go:982.2,983.42 2 0
github.com/mborodin/uyuni-operator/internal/controller/system_controller.go:983.42,985.3 1 0
github.com/mborodin/uyuni-operator/internal/controller/system_controller.go:986.2,986.71 1 0
github.com/mborodin/uyuni-operator/internal/controller/system_controller.go:986.71,987.86 1 0
github.com/mborodin/uyuni-operator/internal/controller/system_controller.go:987.86,989.4 1 0
github.com/mborodin/uyuni-operator/internal/controller/system_controller.go:996.2,1000.38 3 0
github.com/mborodin/uyuni-operator/internal/controller/system_controller.go:1000.38,1002.17 2 0
github.com/mborodin/uyuni-operator/internal/controller/system_controller.go:1002.17,1004.4 1 0
github.com/mborodin/uyuni-operator/internal/controller/system_controller.go:1005.3,1005.17 1 0
github.com/mborodin/uyuni-operator/internal/controller/system_controller.go:1005.17,1007.4 1 0
github.com/mborodin/uyuni-operator/internal/controller/system_controller.go:1008.3,1008.21 1 0
github.com/mborodin/uyuni-operator/internal/controller/system_controller.go:1008.21,1009.12 1 0
github.com/mborodin/uyuni-operator/internal/controller/system_controller.go:1011.3,1012.43 2 0
github.com/mborodin/uyuni-operator/internal/controller/system_controller.go:1012.43,1014.4 1 0
github.com/mborodin/uyuni-operator/internal/controller/system_controller.go:1015.3,1015.27 1 0
github.com/mborodin/uyuni-operator/internal/controller/system_controller.go:1015.27,1016.12 1 0
github.com/mborodin/uyuni-operator/internal/controller/system_controller.go:1018.3,1018.16 1 0
github.com/mborodin/uyuni-operator/internal/controller/system_controller.go:1018.16,1019.95 1 0
github.com/mborodin/uyuni-operator/internal/controller/system_controller.go:1019.95,1021.5 1 0
github.com/mborodin/uyuni-operator/internal/controller/system_controller.go:1022.9,1024.4 1 0
github.com/mborodin/uyuni-operator/internal/controller/system_controller.go:1027.2,1027.15 1 0
github.com/mborodin/uyuni-operator/internal/controller/system_controller.go:1027.15,1029.66 2 0
github.com/mborodin/uyuni-operator/internal/controller/system_controller.go:1029.66,1031.45 2 0
github.com/mborodin/uyuni-operator/internal/controller/system_controller.go:1031.45,1033.5 1 0
github.com/mborodin/uyuni-operator/internal/controller/system_controller.go:1036.2,1036.11 1 0
github.com/mborodin/uyuni-operator/internal/controller/system_controller.go:1036.11,1039.3 1 0
github.com/mborodin/uyuni-operator/internal/controller/system_controller.go:1039.8,1041.3 1 0
github.com/mborodin/uyuni-operator/internal/controller/system_controller.go:1043.2,1044.16 2 0
github.com/mborodin/uyuni-operator/internal/controller/system_controller.go:1051.152,1053.16 2 0
github.com/mborodin/uyuni-operator/internal/controller/system_controller.go:1053.16,1055.3 1 0
github.com/mborodin/uyuni-operator/internal/controller/system_controller.go:1056.2,1056.17 1 0
github.com/mborodin/uyuni-operator/internal/controller/system_controller.go:1056.17,1058.3 1 0
github.com/mborodin/uyuni-operator/internal/controller/system_controller.go:1059.2,1059.42 1 0
github.com/mborodin/uyuni-operator/internal/controller/system_controller.go:1059.42,1061.31 2 0
github.com/mborodin/uyuni-operator/internal/controller/system_controller.go:1061.31,1063.4 1 0
github.com/mborodin/uyuni-operator/internal/controller/system_controller.go:1064.3,1064.23 1 0
github.com/mborodin/uyuni-operator/internal/controller/system_controller.go:1064.23,1066.4 1 0
github.com/mborodin/uyuni-operator/internal/controller/system_controller.go:1068.2,1068.34 1 0
github.com/mborodin/uyuni-operator/internal/controller/system_controller.go:1068.34,1070.31 2 0
github.com/mborodin/uyuni-operator/internal/controller/system_controller.go:1070.31,1072.4 1 0
github.com/mborodin/uyuni-operator/internal/controller/system_controller.go:1073.3,1073.20 1 0
github.com/mborodin/uyuni-operator/internal/controller/system_controller.go:1073.20,1077.11 2 0
github.com/mborodin/uyuni-operator/internal/controller/system_controller.go:1077.11,1079.5 1 0
github.com/mborodin/uyuni-operator/internal/controller/system_controller.go:1080.4,1080.24 1 0
github.com/mborodin/uyuni-operator/internal/controller/system_controller.go:1080.24,1082.5 1 0
github.com/mborodin/uyuni-operator/internal/controller/system_controller.go:1083.4,1083.12 1 0
github.com/mborodin/uyuni-operator/internal/controller/system_controller.go:1085.3,1085.30 1 0
github.com/mborodin/uyuni-operator/internal/controller/system_controller.go:1087.2,1087.22 1 0
github.com/mborodin/uyuni-operator/internal/controller/system_controller.go:1094.57,1095.16 1 6
github.com/mborodin/uyuni-operator/internal/controller/system_controller.go:1096.20,1097.18 1 2
github.com/mborodin/uyuni-operator/internal/controller/system_controller.go:1098.14,1100.61 2 2
github.com/mborodin/uyuni-operator/internal/controller/system_controller.go:1100.61,1102.4 1 1
github.com/mborodin/uyuni-operator/internal/controller/system_controller.go:1103.3,1103.16 1 1
github.com/mborodin/uyuni-operator/internal/controller/system_controller.go:1104.14,1106.57 2 1
github.com/mborodin/uyuni-operator/internal/controller/system_controller.go:1106.57,1108.4 1 0
github.com/mborodin/uyuni-operator/internal/controller/system_controller.go:1109.3,1109.16 1 1
github.com/mborodin/uyuni-operator/internal/controller/system_controller.go:1110.10,1111.58 1 1
github.com/mborodin/uyuni-operator/internal/controller/system_controller.go:1115.134,1116.9 1 0
github.com/mborodin/uyuni-operator/internal/controller/system_controller.go:1117.30,1119.107 2 0
github.com/mborodin/uyuni-operator/internal/controller/system_controller.go:1119.107,1120.41 1 0
github.com/mborodin/uyuni-operator/internal/controller/system_controller.go:1120.41,1122.5 1 0
github.com/mborodin/uyuni-operator/internal/controller/system_controller.go:1123.4,1123.23 1 0
github.com/mborodin/uyuni-operator/internal/controller/system_controller.go:1125.3,1126.10 2 0
github.com/mborodin/uyuni-operator/internal/controller/system_controller.go:1126.10,1128.4 1 0
github.com/mborodin/uyuni-operator/internal/controller/system_controller.go:1129.3,1130.17 2 0
github.com/mborodin/uyuni-operator/internal/controller/system_controller.go:1130.17,1132.4 1 0
github.com/mborodin/uyuni-operator/internal/controller/system_controller.go:1133.3,1133.22 1 0
github.com/mborodin/uyuni-operator/internal/controller/system_controller.go:1134.33,1136.109 2 0
github.com/mborodin/uyuni-operator/internal/controller/system_controller.go:1136.109,1137.41 1 0
github.com/mborodin/uyuni-operator/internal/controller/system_controller.go:1137.41,1139.5 1 0
github.com/mborodin/uyuni-operator/internal/controller/system_controller.go:1140.4,1140.23 1 0
github.com/mborodin/uyuni-operator/internal/controller/system_controller.go:1142.3,1143.10 2 0
github.com/mborodin/uyuni-operator/internal/controller/system_controller.go:1143.10,1145.4 1 0
github.com/mborodin/uyuni-operator/internal/controller/system_controller.go:1146.3,1147.17 2 0
github.com/mborodin/uyuni-operator/internal/controller/system_controller.go:1147.17,1149.4 1 0
github.com/mborodin/uyuni-operator/internal/controller/system_controller.go:1150.3,1150.22 1 0
github.com/mborodin/uyuni-operator/internal/controller/system_controller.go:1151.32,1152.61 1 0
github.com/mborodin/uyuni-operator/internal/controller/system_controller.go:1154.2,1154.21 1 0
github.com/mborodin/uyuni-operator/internal/controller/system_controller.go:1157.149,1159.9 2 0
github.com/mborodin/uyuni-operator/internal/controller/system_controller.go:1160.28,1162.105 2 0
github.com/mborodin/uyuni-operator/internal/controller/system_controller.go:1162.105,1163.41 1 0
github.com/mborodin/uyuni-operator/internal/controller/system_controller.go:1163.41,1165.5 1 0
github.com/mborodin/uyuni-operator/internal/controller/system_controller.go:1166.4,1166.23 1 0
github.com/mborodin/uyuni-operator/internal/controller/system_controller.go:1168.3,1168.30 1 0
github.com/mborodin/uyuni-operator/internal/controller/system_controller.go:1168.30,1170.4 1 0
github.com/mborodin/uyuni-operator/internal/controller/system_controller.go:1171.31,1173.107 2 0
github.com/mborodin/uyuni-operator/internal/controller/system_controller.go:1173.107,1174.41 1 0
github.com/mborodin/uyuni-operator/internal/controller/system_controller.go:1174.41,1176.5 1 0
github.com/mborodin/uyuni-operator/internal/controller/system_controller.go:1177.4,1177.23 1 0
github.com/mborodin/uyuni-operator/internal/controller/system_controller.go:1179.3,1179.29 1 0
github.com/mborodin/uyuni-operator/internal/controller/system_controller.go:1179.29,1181.4 1 0
github.com/mborodin/uyuni-operator/internal/controller/system_controller.go:1183.2,1183.21 1 0
github.com/mborodin/uyuni-operator/internal/controller/system_controller.go:1189.132,1191.16 2 0
github.com/mborodin/uyuni-operator/internal/controller/system_controller.go:1191.16,1193.3 1 0
github.com/mborodin/uyuni-operator/internal/controller/system_controller.go:1194.2,1194.31 1 0
github.com/mborodin/uyuni-operator/internal/controller/system_controller.go:1194.31,1196.3 1 0
github.com/mborodin/uyuni-operator/internal/controller/system_controller.go:1197.2,1199.94 3 0
github.com/mborodin/uyuni-operator/internal/controller/system_controller.go:1199.94,1200.40 1 0
github.com/mborodin/uyuni-operator/internal/controller/system_controller.go:1200.40,1202.4 1 0
github.com/mborodin/uyuni-operator/internal/controller/system_controller.go:1203.3,1203.22 1 0
github.com/mborodin/uyuni-operator/internal/controller/system_controller.go:1205.2,1206.16 2 0
github.com/mborodin/uyuni-operator/internal/controller/system_controller.go:1206.16,1208.3 1 0
github.com/mborodin/uyuni-operator/internal/controller/system_controller.go:1209.2,1209.16 1 0
github.com/mborodin/uyuni-operator/internal/controller/system_controller.go:1209.16,1211.3 1 0
github.com/mborodin/uyuni-operator/internal/controller/system_controller.go:1212.2,1212.21 1 0
github.com/mborodin/uyuni-operator/internal/controller/system_controller.go:1220.65,1222.68 2 0
github.com/mborodin/uyuni-operator/internal/controller/system_controller.go:1222.68,1224.3 1 0
github.com/mborodin/uyuni-operator/internal/controller/system_controller.go:1225.2,1226.51 2 0
github.com/mborodin/uyuni-operator/internal/controller/system_controller.go:1226.51,1228.3 1 0
github.com/mborodin/uyuni-operator/internal/controller/system_controller.go:1229.2,1230.16 2 0
github.com/mborodin/uyuni-operator/internal/controller/system_controller.go:1230.16,1232.3 1 0
github.com/mborodin/uyuni-operator/internal/controller/system_controller.go:1233.2,1233.47 1 0
github.com/mborodin/uyuni-operator/internal/controller/system_controller.go:1233.47,1235.3 1 0
github.com/mborodin/uyuni-operator/internal/controller/system_controller.go:1236.2,1236.26 1 0
github.com/mborodin/uyuni-operator/internal/controller/system_controller.go:1236.26,1238.3 1 0
github.com/mborodin/uyuni-operator/internal/controller/system_controller.go:1239.2,1240.31 2 0
github.com/mborodin/uyuni-operator/internal/controller/system_controller.go:1240.31,1242.3 1 0
github.com/mborodin/uyuni-operator/internal/controller/system_controller.go:1243.2,1243.17 1 0
github.com/mborodin/uyuni-operator/internal/controller/system_controller.go:1248.59,1251.26 3 0
github.com/mborodin/uyuni-operator/internal/controller/system_controller.go:1251.26,1252.24 1 0
github.com/mborodin/uyuni-operator/internal/controller/system_controller.go:1252.24,1255.4 2 0
github.com/mborodin/uyuni-operator/internal/controller/system_controller.go:1256.3,1257.10 2 0
github.com/mborodin/uyuni-operator/internal/controller/system_controller.go:1257.10,1260.4 2 0
github.com/mborodin/uyuni-operator/internal/controller/system_controller.go:1261.3,1261.11 1 0
github.com/mborodin/uyuni-operator/internal/controller/system_controller.go:1265.42,1266.18 1 0
github.com/mborodin/uyuni-operator/internal/controller/system_controller.go:1266.18,1268.3 1 0
github.com/mborodin/uyuni-operator/internal/controller/system_controller.go:1269.2,1269.27 1 0
github.com/mborodin/uyuni-operator/internal/controller/system_controller.go:1275.106,1276.62 1 0
github.com/mborodin/uyuni-operator/internal/controller/system_controller.go:1276.62,1278.3 1 0
github.com/mborodin/uyuni-operator/internal/controller/system_controller.go:1279.2,1280.121 2 0
github.com/mborodin/uyuni-operator/internal/controller/system_controller.go:1280.121,1281.40 1 0
github.com/mborodin/uyuni-operator/internal/controller/system_controller.go:1281.40,1283.4 1 0
github.com/mborodin/uyuni-operator/internal/controller/system_controller.go:1284.3,1284.20 1 0
github.com/mborodin/uyuni-operator/internal/controller/system_controller.go:1286.2,1286.37 1 0
github.com/mborodin/uyuni-operator/internal/controller/system_controller.go:1286.37,1288.3 1 0
github.com/mborodin/uyuni-operator/internal/controller/system_controller.go:1289.2,1289.44 1 0
github.com/mborodin/uyuni-operator/internal/controller/system_controller.go:1296.115,1298.16 2 0
github.com/mborodin/uyuni-operator/internal/controller/system_controller.go:1298.16,1300.3 1 0
github.com/mborodin/uyuni-operator/internal/controller/system_controller.go:1301.2,1301.16 1 0
github.com/mborodin/uyuni-operator/internal/controller/system_controller.go:1301.16,1303.3 1 0
github.com/mborodin/uyuni-operator/internal/controller/system_controller.go:1305.2,1305.48 1 0
github.com/mborodin/uyuni-operator/internal/controller/system_controller.go:1305.48,1307.3 1 0
github.com/mborodin/uyuni-operator/internal/controller/system_controller.go:1308.2,1309.16 2 0
github.com/mborodin/uyuni-operator/internal/controller/system_controller.go:1309.16,1311.3 1 0
github.com/mborodin/uyuni-operator/internal/controller/system_controller.go:1312.2,1312.24 1 0
github.com/mborodin/uyuni-operator/internal/controller/system_controller.go:1312.24,1314.3 1 0
github.com/mborodin/uyuni-operator/internal/controller/system_controller.go:1315.2,1316.16 2 0
github.com/mborodin/uyuni-operator/internal/controller/system_controller.go:1320.74,1321.23 1 0
github.com/mborodin/uyuni-operator/internal/controller/system_controller.go:1321.23,1323.3 1 0
github.com/mborodin/uyuni-operator/internal/controller/system_controller.go:1324.2,1325.52 2 0
github.com/mborodin/uyuni-operator/internal/controller/system_controller.go:1325.52,1327.3 1 0
github.com/mborodin/uyuni-operator/internal/controller/system_controller.go:1328.2,1328.15 1 0
github.com/mborodin/uyuni-operator/internal/controller/system_controller.go:1334.47,1335.26 1 0
github.com/mborodin/uyuni-operator/internal/controller/system_controller.go:1335.26,1337.10 2 0
github.com/mborodin/uyuni-operator/internal/controller/system_controller.go:1337.10,1339.4 1 0
github.com/mborodin/uyuni-operator/internal/controller/system_controller.go:1340.3,1340.46 1 0
github.com/mborodin/uyuni-operator/internal/controller/system_controller.go:1340.46,1342.33 2 0
github.com/mborodin/uyuni-operator/internal/controller/system_controller.go:1342.33,1344.5 1 0
github.com/mborodin/uyuni-operator/internal/controller/system_controller.go:1345.4,1345.12 1 0
github.com/mborodin/uyuni-operator/internal/controller/system_controller.go:1347.3,1347.33 1 0
github.com/mborodin/uyuni-operator/internal/controller/system_controller.go:1347.33,1349.4 1 0
github.com/mborodin/uyuni-operator/internal/controller/system_controller.go:1351.2,1351.13 1 0
github.com/mborodin/uyuni-operator/internal/controller/system_controller.go:1354.69,1368.2 1 0
github.com/mborodin/uyuni-operator/internal/controller/system_controller.go:1370.112,1372.83 2 0
github.com/mborodin/uyuni-operator/internal/controller/system_controller.go:1372.83,1374.3 1 0
github.com/mborodin/uyuni-operator/internal/controller/system_controller.go:1375.2,1376.33 2 0
github.com/mborodin/uyuni-operator/internal/controller/system_controller.go:1376.33,1377.47 1 0
github.com/mborodin/uyuni-operator/internal/controller/system_controller.go:1377.47,1378.38 1 0
github.com/mborodin/uyuni-operator/internal/controller/system_controller.go:1378.38,1382.10 2 0
github.com/mborodin/uyuni-operator/internal/controller/system_controller.go:1386.2,1386.12 1 0
github.com/mborodin/uyuni-operator/internal/controller/system_controller.go:1389.104,1391.83 2 0
github.com/mborodin/uyuni-operator/internal/controller/system_controller.go:1391.83,1393.3 1 0
github.com/mborodin/uyuni-operator/internal/controller/system_controller.go:1394.2,1395.33 2 0
github.com/mborodin/uyuni-operator/internal/controller/system_controller.go:1395.33,1396.42 1 0
github.com/mborodin/uyuni-operator/internal/controller/system_controller.go:1396.42,1397.33 1 0
github.com/mborodin/uyuni-operator/internal/controller/system_controller.go:1397.33,1401.10 2 0
github.com/mborodin/uyuni-operator/internal/controller/system_controller.go:1405.2,1405.12 1 0
github.com/mborodin/uyuni-operator/internal/controller/system_controller.go:1408.112,1410.83 2 0
github.com/mborodin/uyuni-operator/internal/controller/system_controller.go:1410.83,1412.3 1 0
github.com/mborodin/uyuni-operator/internal/controller/system_controller.go:1413.2,1414.33 2 0
github.com/mborodin/uyuni-operator/internal/controller/system_controller.go:1414.33,1415.50 1 0
github.com/mborodin/uyuni-operator/internal/controller/system_controller.go:1415.50,1416.33 1 0
github.com/mborodin/uyuni-operator/internal/controller/system_controller.go:1416.33,1420.10 2 0
github.com/mborodin/uyuni-operator/internal/controller/system_controller.go:1424.2,1424.12 1 0
github.com/mborodin/uyuni-operator/internal/controller/system_controller.go:1427.114,1429.83 2 0
github.com/mborodin/uyuni-operator/internal/controller/system_controller.go:1429.83,1431.3 1 0
github.com/mborodin/uyuni-operator/internal/controller/system_controller.go:1432.2,1433.33 2 0
github.com/mborodin/uyuni-operator/internal/controller/system_controller.go:1433.33,1434.86 1 0
github.com/mborodin/uyuni-operator/internal/controller/system_controller.go:1434.86,1438.12 2 0
github.com/mborodin/uyuni-operator/internal/controller/system_controller.go:1440.3,1440.49 1 0
github.com/mborodin/uyuni-operator/internal/controller/system_controller.go:1440.49,1441.33 1 0
github.com/mborodin/uyuni-operator/internal/controller/system_controller.go:1441.33,1445.10 2 0
github.com/mborodin/uyuni-operator/internal/controller/system_controller.go:1449.2,1449.12 1 0
github.com/mborodin/uyuni-operator/internal/controller/system_controller.go:1452.117,1454.83 2 0
github.com/mborodin/uyuni-operator/internal/controller/system_controller.go:1454.83,1456.3 1 0
github.com/mborodin/uyuni-operator/internal/controller/system_controller.go:1457.2,1458.33 2 0
github.com/mborodin/uyuni-operator/internal/controller/system_controller.go:1458.33,1460.58 1 0
github.com/mborodin/uyuni-operator/internal/controller/system_controller.go:1460.58,1464.4 1 0
github.com/mborodin/uyuni-operator/internal/controller/system_controller.go:1466.2,1466.12 1 0
github.com/mborodin/uyuni-operator/internal/controller/systemgroup_controller.go:31.103,33.60 2 0
github.com/mborodin/uyuni-operator/internal/controller/systemgroup_controller.go:33.60,35.3 1 0
github.com/mborodin/uyuni-operator/internal/controller/systemgroup_controller.go:37.2,37.36 1 0
github.com/mborodin/uyuni-operator/internal/controller/systemgroup_controller.go:37.36,39.3 1 0
github.com/mborodin/uyuni-operator/internal/controller/systemgroup_controller.go:43.2,44.16 2 0
github.com/mborodin/uyuni-operator/internal/controller/systemgroup_controller.go:44.16,46.3 1 0
github.com/mborodin/uyuni-operator/internal/controller/systemgroup_controller.go:48.2,48.39 1 0
github.com/mborodin/uyuni-operator/internal/controller/systemgroup_controller.go:48.39,50.3 1 0
github.com/mborodin/uyuni-operator/internal/controller/systemgroup_controller.go:52.2,52.108 1 0
github.com/mborodin/uyuni-operator/internal/controller/systemgroup_controller.go:52.108,54.3 1 0
github.com/mborodin/uyuni-operator/internal/controller/systemgroup_controller.go:57.2,58.113 2 0
github.com/mborodin/uyuni-operator/internal/controller/systemgroup_controller.go:58.113,60.23 2 0
github.com/mborodin/uyuni-operator/internal/controller/systemgroup_controller.go:60.23,62.71 1 0
github.com/mborodin/uyuni-operator/internal/controller/systemgroup_controller.go:62.71,67.5 3 0
github.com/mborodin/uyuni-operator/internal/controller/systemgroup_controller.go:68.4,68.54 1 0
github.com/mborodin/uyuni-operator/internal/controller/systemgroup_controller.go:69.9,71.4 1 0
github.com/mborodin/uyuni-operator/internal/controller/systemgroup_controller.go:72.8,72.23 1 0
github.com/mborodin/uyuni-operator/internal/controller/systemgroup_controller.go:72.23,74.3 1 0
github.com/mborodin/uyuni-operator/internal/controller/systemgroup_controller.go:74.8,77.86 2 0
github.com/mborodin/uyuni-operator/internal/controller/systemgroup_controller.go:77.86,79.4 1 0
github.com/mborodin/uyuni-operator/internal/controller/systemgroup_controller.go:80.3,80.36 1 0
github.com/mborodin/uyuni-operator/internal/controller/systemgroup_controller.go:80.36,81.93 1 0
github.com/mborodin/uyuni-operator/internal/controller/systemgroup_controller.go:81.93,86.5 3 0
github.com/mborodin/uyuni-operator/internal/controller/systemgroup_controller.go:88.3,89.49 2 0
github.com/mborodin/uyuni-operator/internal/controller/systemgroup_controller.go:89.49,90.98 1 0
github.com/mborodin/uyuni-operator/internal/controller/systemgroup_controller.go:90.98,92.5 1 0
github.com/mborodin/uyuni-operator/internal/controller/systemgroup_controller.go:97.2,98.16 2 0
github.com/mborodin/uyuni-operator/internal/controller/systemgroup_controller.go:98.16,100.3 1 0
github.com/mborodin/uyuni-operator/internal/controller/systemgroup_controller.go:101.2,101.22 1 0
github.com/mborodin/uyuni-operator/internal/controller/systemgroup_controller.go:101.22,105.3 3 0
github.com/mborodin/uyuni-operator/internal/controller/systemgroup_controller.go:108.2,109.42 2 0
github.com/mborodin/uyuni-operator/internal/controller/systemgroup_controller.go:109.42,111.3 1 0
github.com/mborodin/uyuni-operator/internal/controller/systemgroup_controller.go:112.2,112.74 1 0
github.com/mborodin/uyuni-operator/internal/controller/systemgroup_controller.go:112.74,113.19 1 0
github.com/mborodin/uyuni-operator/internal/controller/systemgroup_controller.go:113.19,114.71 1 0
github.com/mborodin/uyuni-operator/internal/controller/systemgroup_controller.go:114.71,116.5 1 0
github.com/mborodin/uyuni-operator/internal/controller/systemgroup_controller.go:118.3,118.18 1 0
github.com/mborodin/uyuni-operator/internal/controller/systemgroup_controller.go:118.18,119.75 1 0
github.com/mborodin/uyuni-operator/internal/controller/systemgroup_controller.go:119.75,121.5 1 0
github.com/mborodin/uyuni-operator/internal/controller/systemgroup_controller.go:126.2,127.16 2 0
github.com/mborodin/uyuni-operator/internal/controller/systemgroup_controller.go:127.16,129.3 1 0
github.com/mborodin/uyuni-operator/internal/controller/systemgroup_controller.go:130.2,130.18 1 0
github.com/mborodin/uyuni-operator/internal/controller/systemgroup_controller.go:130.18,134.3 3 0
github.com/mborodin/uyuni-operator/internal/controller/systemgroup_controller.go:136.2,137.31 2 0
github.com/mborodin/uyuni-operator/internal/controller/systemgroup_controller.go:137.31,138.84 1 0
github.com/mborodin/uyuni-operator/internal/controller/systemgroup_controller.go:138.84,140.4 1 0
github.com/mborodin/uyuni-operator/internal/controller/systemgroup_controller.go:142.2,142.30 1 0
github.com/mborodin/uyuni-operator/internal/controller/systemgroup_controller.go:142.30,143.88 1 0
github.com/mborodin/uyuni-operator/internal/controller/systemgroup_controller.go:143.88,145.4 1 0
github.com/mborodin/uyuni-operator/internal/controller/systemgroup_controller.go:148.2,153.52 6 0
github.com/mborodin/uyuni-operator/internal/controller/systemgroup_controller.go:153.52,155.3 1 0
github.com/mborodin/uyuni-operator/internal/controller/systemgroup_controller.go:156.2,156.56 1 0
github.com/mborodin/uyuni-operator/internal/controller/systemgroup_controller.go:159.115,160.41 1 0
github.com/mborodin/uyuni-operator/internal/controller/systemgroup_controller.go:160.41,162.3 1 0
github.com/mborodin/uyuni-operator/internal/controller/systemgroup_controller.go:163.2,163.54 1 0
github.com/mborodin/uyuni-operator/internal/controller/systemgroup_controller.go:163.54,166.3 2 0
github.com/mborodin/uyuni-operator/internal/controller/systemgroup_controller.go:167.2,167.28 1 0
github.com/mborodin/uyuni-operator/internal/controller/systemgroup_controller.go:167.28,169.17 2 0
github.com/mborodin/uyuni-operator/internal/controller/systemgroup_controller.go:169.17,171.4 1 0
github.com/mborodin/uyuni-operator/internal/controller/systemgroup_controller.go:172.3,172.91 1 0
github.com/mborodin/uyuni-operator/internal/controller/systemgroup_controller.go:172.91,174.4 1 0
github.com/mborodin/uyuni-operator/internal/controller/systemgroup_controller.go:176.2,177.41 2 0
github.com/mborodin/uyuni-operator/internal/controller/systemgroup_controller.go:180.164,181.41 1 0
github.com/mborodin/uyuni-operator/internal/controller/systemgroup_controller.go:181.41,183.105 2 0
github.com/mborodin/uyuni-operator/internal/controller/systemgroup_controller.go:183.105,184.41 1 0
github.com/mborodin/uyuni-operator/internal/controller/systemgroup_controller.go:184.41,186.5 1 0
github.com/mborodin/uyuni-operator/internal/controller/systemgroup_controller.go:187.4,187.28 1 0
github.com/mborodin/uyuni-operator/internal/controller/systemgroup_controller.go:189.3,189.36 1 0
github.com/mborodin/uyuni-operator/internal/controller/systemgroup_controller.go:189.36,191.4 1 0
github.com/mborodin/uyuni-operator/internal/controller/systemgroup_controller.go:192.3,193.51 2 0
github.com/mborodin/uyuni-operator/internal/controller/systemgroup_controller.go:196.2,196.51 1 0
github.com/mborodin/uyuni-operator/internal/controller/systemgroup_controller.go:196.51,198.32 2 0
github.com/mborodin/uyuni-operator/internal/controller/systemgroup_controller.go:198.32,200.4 1 0
github.com/mborodin/uyuni-operator/internal/controller/systemgroup_controller.go:201.3,201.21 1 0
github.com/mborodin/uyuni-operator/internal/controller/systemgroup_controller.go:201.21,203.4 1 0
github.com/mborodin/uyuni-operator/internal/controller/systemgroup_controller.go:204.3,205.42 2 0
github.com/mborodin/uyuni-operator/internal/controller/systemgroup_controller.go:208.2,208.32 1 0
github.com/mborodin/uyuni-operator/internal/controller/systemgroup_controller.go:211.143,212.48 1 0
github.com/mborodin/uyuni-operator/internal/controller/systemgroup_controller.go:212.48,214.17 2 0
github.com/mborodin/uyuni-operator/internal/controller/systemgroup_controller.go:214.17,216.4 1 0
github.com/mborodin/uyuni-operator/internal/controller/systemgroup_controller.go:217.3,217.16 1 0
github.com/mborodin/uyuni-operator/internal/controller/systemgroup_controller.go:217.16,219.4 1 0
github.com/mborodin/uyuni-operator/internal/controller/systemgroup_controller.go:220.3,220.29 1 0
github.com/mborodin/uyuni-operator/internal/controller/systemgroup_controller.go:220.29,222.4 1 0
github.com/mborodin/uyuni-operator/internal/controller/systemgroup_controller.go:223.3,223.38 1 0
github.com/mborodin/uyuni-operator/internal/controller/systemgroup_controller.go:225.2,225.24 1 0
github.com/mborodin/uyuni-operator/internal/controller/systemgroup_controller.go:231.139,233.100 2 0
github.com/mborodin/uyuni-operator/internal/controller/systemgroup_controller.go:233.100,235.3 1 0
github.com/mborodin/uyuni-operator/internal/controller/systemgroup_controller.go:235.8,235.46 1 0
github.com/mborodin/uyuni-operator/internal/controller/systemgroup_controller.go:235.46,237.3 1 0
github.com/mborodin/uyuni-operator/internal/controller/systemgroup_controller.go:239.2,240.74 2 0
github.com/mborodin/uyuni-operator/internal/controller/systemgroup_controller.go:240.74,242.3 1 0
github.com/mborodin/uyuni-operator/internal/controller/systemgroup_controller.go:243.2,243.28 1 0
github.com/mborodin/uyuni-operator/internal/controller/systemgroup_controller.go:243.28,244.40 1 0
github.com/mborodin/uyuni-operator/internal/controller/systemgroup_controller.go:244.40,246.4 1 0
github.com/mborodin/uyuni-operator/internal/controller/systemgroup_controller.go:248.2,248.17 1 0
github.com/mborodin/uyuni-operator/internal/controller/systemgroup_controller.go:251.131,255.2 3 0
github.com/mborodin/uyuni-operator/internal/controller/systemgroup_controller.go:257.74,265.2 1 0
github.com/mborodin/uyuni-operator/internal/controller/systemgroup_controller.go:267.109,269.83 2 0
github.com/mborodin/uyuni-operator/internal/controller/systemgroup_controller.go:269.83,271.3 1 0
github.com/mborodin/uyuni-operator/internal/controller/systemgroup_controller.go:272.2,273.32 2 0
github.com/mborodin/uyuni-operator/internal/controller/systemgroup_controller.go:273.32,274.42 1 0
github.com/mborodin/uyuni-operator/internal/controller/systemgroup_controller.go:274.42,275.33 1 0
github.com/mborodin/uyuni-operator/internal/controller/systemgroup_controller.go:275.33,279.10 2 0
github.com/mborodin/uyuni-operator/internal/controller/systemgroup_controller.go:283.2,283.12 1 0
github.com/mborodin/uyuni-operator/internal/controller/systemgroup_controller.go:286.116,289.55 3 0
github.com/mborodin/uyuni-operator/internal/controller/systemgroup_controller.go:289.55,291.3 1 0
github.com/mborodin/uyuni-operator/internal/controller/systemgroup_controller.go:293.2,294.83 2 0
github.com/mborodin/uyuni-operator/internal/controller/systemgroup_controller.go:294.83,296.3 1 0
github.com/mborodin/uyuni-operator/internal/controller/systemgroup_controller.go:297.2,298.32 2 0
github.com/mborodin/uyuni-operator/internal/controller/systemgroup_controller.go:298.32,299.49 1 0
github.com/mborodin/uyuni-operator/internal/controller/systemgroup_controller.go:299.49,300.66 1 0
github.com/mborodin/uyuni-operator/internal/controller/systemgroup_controller.go:300.66,304.10 2 0
github.com/mborodin/uyuni-operator/internal/controller/systemgroup_controller.go:308.2,308.12 1 0
github.com/mborodin/uyuni-operator/internal/controller/task_controller.go:30.96,32.62 2 0
github.com/mborodin/uyuni-operator/internal/controller/task_controller.go:32.62,34.3 1 0
github.com/mborodin/uyuni-operator/internal/controller/task_controller.go:36.2,36.38 1 0
github.com/mborodin/uyuni-operator/internal/controller/task_controller.go:36.38,38.3 1 0
github.com/mborodin/uyuni-operator/internal/controller/task_controller.go:39.2,39.43 1 0
github.com/mborodin/uyuni-operator/internal/controller/task_controller.go:39.43,41.3 1 0
github.com/mborodin/uyuni-operator/internal/controller/task_controller.go:43.2,44.16 2 0
github.com/mborodin/uyuni-operator/internal/controller/task_controller.go:44.16,46.3 1 0
github.com/mborodin/uyuni-operator/internal/controller/task_controller.go:48.2,48.112 1 0
github.com/mborodin/uyuni-operator/internal/controller/task_controller.go:48.112,50.3 1 0
github.com/mborodin/uyuni-operator/internal/controller/task_controller.go:57.2,57.60 1 0
github.com/mborodin/uyuni-operator/internal/controller/task_controller.go:57.60,59.3 1 0
github.com/mborodin/uyuni-operator/internal/controller/task_controller.go:61.2,62.45 2 0
github.com/mborodin/uyuni-operator/internal/controller/task_controller.go:62.45,63.61 1 0
github.com/mborodin/uyuni-operator/internal/controller/task_controller.go:63.61,65.4 1 0
github.com/mborodin/uyuni-operator/internal/controller/task_controller.go:69.3,69.55 1 0
github.com/mborodin/uyuni-operator/internal/controller/task_controller.go:69.55,71.4 1 0
github.com/mborodin/uyuni-operator/internal/controller/task_controller.go:72.3,72.78 1 0
github.com/mborodin/uyuni-operator/internal/controller/task_controller.go:72.78,74.47 2 0
github.com/mborodin/uyuni-operator/internal/controller/task_controller.go:74.47,78.5 1 0
github.com/mborodin/uyuni-operator/internal/controller/task_controller.go:82.2,84.42 3 0
github.com/mborodin/uyuni-operator/internal/controller/task_controller.go:84.42,87.3 1 0
github.com/mborodin/uyuni-operator/internal/controller/task_controller.go:87.8,90.3 1 0
github.com/mborodin/uyuni-operator/internal/controller/task_controller.go:91.2,91.54 1 0
github.com/mborodin/uyuni-operator/internal/controller/task_controller.go:91.54,93.3 1 0
github.com/mborodin/uyuni-operator/internal/controller/task_controller.go:95.2,95.27 1 0
github.com/mborodin/uyuni-operator/internal/controller/task_controller.go:95.27,97.3 1 0
github.com/mborodin/uyuni-operator/internal/controller/task_controller.go:98.2,98.85 1 0
github.com/mborodin/uyuni-operator/internal/controller/task_controller.go:98.85,99.79 1 0
github.com/mborodin/uyuni-operator/internal/controller/task_controller.go:99.79,101.27 2 0
github.com/mborodin/uyuni-operator/internal/controller/task_controller.go:101.27,103.5 1 0
github.com/mborodin/uyuni-operator/internal/controller/task_controller.go:104.4,104.59 1 0
github.com/mborodin/uyuni-operator/internal/controller/task_controller.go:107.2,107.56 1 0
github.com/mborodin/uyuni-operator/internal/controller/task_controller.go:110.67,111.50 1 0
github.com/mborodin/uyuni-operator/internal/controller/task_controller.go:111.50,113.3 1 0
github.com/mborodin/uyuni-operator/internal/controller/task_controller.go:114.2,114.32 1 0
github.com/mborodin/uyuni-operator/internal/controller/task_controller.go:114.32,116.3 1 0
github.com/mborodin/uyuni-operator/internal/controller/task_controller.go:117.2,117.55 1 0
github.com/mborodin/uyuni-operator/internal/controller/task_controller.go:117.55,119.3 1 0
github.com/mborodin/uyuni-operator/internal/controller/task_controller.go:120.2,120.11 1 0
github.com/mborodin/uyuni-operator/internal/controller/task_controller.go:123.64,124.34 1 0
github.com/mborodin/uyuni-operator/internal/controller/task_controller.go:124.34,126.39 2 0
github.com/mborodin/uyuni-operator/internal/controller/task_controller.go:126.39,128.4 1 0
github.com/mborodin/uyuni-operator/internal/controller/task_controller.go:130.2,130.14 1 0
github.com/mborodin/uyuni-operator/internal/controller/task_controller.go:133.73,134.32 1 0
github.com/mborodin/uyuni-operator/internal/controller/task_controller.go:134.32,136.3 1 0
github.com/mborodin/uyuni-operator/internal/controller/task_controller.go:137.2,137.51 1 0
github.com/mborodin/uyuni-operator/internal/controller/task_controller.go:140.112,142.16 2 0
github.com/mborodin/uyuni-operator/internal/controller/task_controller.go:142.16,144.3 1 0
github.com/mborodin/uyuni-operator/internal/controller/task_controller.go:145.2,145.25 1 0
github.com/mborodin/uyuni-operator/internal/controller/task_controller.go:145.25,147.3 1 0
github.com/mborodin/uyuni-operator/internal/controller/task_controller.go:149.2,150.32 2 0
github.com/mborodin/uyuni-operator/internal/controller/task_controller.go:150.32,152.3 1 0
github.com/mborodin/uyuni-operator/internal/controller/task_controller.go:154.2,155.16 2 0
github.com/mborodin/uyuni-operator/internal/controller/task_controller.go:155.16,157.3 1 0
github.com/mborodin/uyuni-operator/internal/controller/task_controller.go:159.2,169.43 5 0
github.com/mborodin/uyuni-operator/internal/controller/task_controller.go:169.43,171.3 1 0
github.com/mborodin/uyuni-operator/internal/controller/task_controller.go:172.2,172.12 1 0
github.com/mborodin/uyuni-operator/internal/controller/task_controller.go:175.148,176.9 1 0
github.com/mborodin/uyuni-operator/internal/controller/task_controller.go:177.34,179.24 2 0
github.com/mborodin/uyuni-operator/internal/controller/task_controller.go:180.38,183.17 3 0
github.com/mborodin/uyuni-operator/internal/controller/task_controller.go:183.17,185.4 1 0
github.com/mborodin/uyuni-operator/internal/controller/task_controller.go:186.3,187.16 2 0
github.com/mborodin/uyuni-operator/internal/controller/task_controller.go:187.16,189.4 1 0
github.com/mborodin/uyuni-operator/internal/controller/task_controller.go:190.3,191.19 2 0
github.com/mborodin/uyuni-operator/internal/controller/task_controller.go:191.19,193.4 1 0
github.com/mborodin/uyuni-operator/internal/controller/task_controller.go:194.3,195.24 2 0
github.com/mborodin/uyuni-operator/internal/controller/task_controller.go:196.31,198.40 2 0
github.com/mborodin/uyuni-operator/internal/controller/task_controller.go:198.40,200.4 1 0
github.com/mborodin/uyuni-operator/internal/controller/task_controller.go:201.3,202.24 2 0
github.com/mborodin/uyuni-operator/internal/controller/task_controller.go:203.37,205.24 2 0
github.com/mborodin/uyuni-operator/internal/controller/task_controller.go:206.44,208.24 2 0
github.com/mborodin/uyuni-operator/internal/controller/task_controller.go:209.10,213.113 1 0
github.com/mborodin/uyuni-operator/internal/controller/task_controller.go:217.105,218.34 1 0
github.com/mborodin/uyuni-operator/internal/controller/task_controller.go:218.34,220.55 2 0
github.com/mborodin/uyuni-operator/internal/controller/task_controller.go:220.55,221.12 1 0
github.com/mborodin/uyuni-operator/internal/controller/task_controller.go:223.3,227.37 5 0
github.com/mborodin/uyuni-operator/internal/controller/task_controller.go:227.37,229.18 2 0
github.com/mborodin/uyuni-operator/internal/controller/task_controller.go:229.18,231.5 1 0
github.com/mborodin/uyuni-operator/internal/controller/task_controller.go:232.4,232.32 1 0
github.com/mborodin/uyuni-operator/internal/controller/task_controller.go:232.32,237.23 2 0
github.com/mborodin/uyuni-operator/internal/controller/task_controller.go:238.31,239.23 1 0
github.com/mborodin/uyuni-operator/internal/controller/task_controller.go:240.19,241.22 1 0
github.com/mborodin/uyuni-operator/internal/controller/task_controller.go:242.22,243.25 1 0
github.com/mborodin/uyuni-operator/internal/controller/task_controller.go:247.3,248.10 2 0
github.com/mborodin/uyuni-operator/internal/controller/task_controller.go:249.19,250.25 1 0
github.com/mborodin/uyuni-operator/internal/controller/task_controller.go:251.34,252.23 1 0
github.com/mborodin/uyuni-operator/internal/controller/task_controller.go:253.18,254.24 1 0
github.com/mborodin/uyuni-operator/internal/controller/task_controller.go:255.21,256.27 1 0
github.com/mborodin/uyuni-operator/internal/controller/task_controller.go:257.11,258.25 1 0
github.com/mborodin/uyuni-operator/internal/controller/task_controller.go:260.3,260.80 1 0
github.com/mborodin/uyuni-operator/internal/controller/task_controller.go:260.80,263.4 2 0
github.com/mborodin/uyuni-operator/internal/controller/task_controller.go:265.2,265.12 1 0
github.com/mborodin/uyuni-operator/internal/controller/task_controller.go:268.58,269.48 1 0
github.com/mborodin/uyuni-operator/internal/controller/task_controller.go:269.48,271.3 1 0
github.com/mborodin/uyuni-operator/internal/controller/task_controller.go:271.8,273.3 1 0
github.com/mborodin/uyuni-operator/internal/controller/task_controller.go:276.61,278.2 1 0
github.com/mborodin/uyuni-operator/internal/controller/task_controller.go:280.96,282.9 2 0
github.com/mborodin/uyuni-operator/internal/controller/task_controller.go:283.26,285.115 2 0
github.com/mborodin/uyuni-operator/internal/controller/task_controller.go:285.115,287.4 1 0
github.com/mborodin/uyuni-operator/internal/controller/task_controller.go:288.3,288.36 1 0
github.com/mborodin/uyuni-operator/internal/controller/task_controller.go:288.36,290.4 1 0
github.com/mborodin/uyuni-operator/internal/controller/task_controller.go:291.3,291.46 1 0
github.com/mborodin/uyuni-operator/internal/controller/task_controller.go:292.31,294.119 2 0
github.com/mborodin/uyuni-operator/internal/controller/task_controller.go:294.119,296.4 1 0
github.com/mborodin/uyuni-operator/internal/controller/task_controller.go:297.3,298.47 2 0
github.com/mborodin/uyuni-operator/internal/controller/task_controller.go:298.47,299.33 1 0
github.com/mborodin/uyuni-operator/internal/controller/task_controller.go:299.33,301.5 1 0
github.com/mborodin/uyuni-operator/internal/controller/task_controller.go:303.3,303.18 1 0
github.com/mborodin/uyuni-operator/internal/controller/task_controller.go:304.28,305.26 1 0
github.com/mborodin/uyuni-operator/internal/controller/task_controller.go:306.10,307.132 1 0
github.com/mborodin/uyuni-operator/internal/controller/task_controller.go:311.103,312.45 1 0
github.com/mborodin/uyuni-operator/internal/controller/task_controller.go:312.45,314.3 1 0
github.com/mborodin/uyuni-operator/internal/controller/task_controller.go:315.2,315.56 1 0
github.com/mborodin/uyuni-operator/internal/controller/task_controller.go:315.56,318.3 2 0
github.com/mborodin/uyuni-operator/internal/controller/task_controller.go:319.2,320.16 2 0
github.com/mborodin/uyuni-operator/internal/controller/task_controller.go:320.16,321.40 1 0
github.com/mborodin/uyuni-operator/internal/controller/task_controller.go:321.40,322.56 1 0
github.com/mborodin/uyuni-operator/internal/controller/task_controller.go:322.56,323.13 1 0
github.com/mborodin/uyuni-operator/internal/controller/task_controller.go:325.4,325.38 1 0
github.com/mborodin/uyuni-operator/internal/controller/task_controller.go:325.38,327.5 1 0
github.com/mborodin/uyuni-operator/internal/controller/task_controller.go:330.2,331.43 2 0
github.com/mborodin/uyuni-operator/internal/controller/task_controller.go:334.123,338.2 3 0
github.com/mborodin/uyuni-operator/internal/controller/task_controller.go:340.67,344.2 1 0
github.com/mborodin/uyuni-operator/internal/controller/urlcheck.go:20.70,22.16 2 0
github.com/mborodin/uyuni-operator/internal/controller/urlcheck.go:22.16,24.3 1 0
github.com/mborodin/uyuni-operator/internal/controller/urlcheck.go:25.2,25.47 1 0
github.com/mborodin/uyuni-operator/internal/controller/urlcheck.go:25.47,27.3 1 0
github.com/mborodin/uyuni-operator/internal/controller/urlcheck.go:29.2,35.16 5 0
github.com/mborodin/uyuni-operator/internal/controller/urlcheck.go:35.16,37.3 1 0
github.com/mborodin/uyuni-operator/internal/controller/urlcheck.go:38.2,39.16 2 0
github.com/mborodin/uyuni-operator/internal/controller/urlcheck.go:39.16,41.28 2 0
github.com/mborodin/uyuni-operator/internal/controller/urlcheck.go:41.28,43.4 1 0
github.com/mborodin/uyuni-operator/internal/controller/urlcheck.go:44.3,44.101 1 0
github.com/mborodin/uyuni-operator/internal/controller/urlcheck.go:44.101,46.4 1 0
github.com/mborodin/uyuni-operator/internal/controller/urlcheck.go:52.2,53.16 2 0
github.com/mborodin/uyuni-operator/internal/controller/urlcheck.go:53.16,55.3 1 0
github.com/mborodin/uyuni-operator/internal/controller/urlcheck.go:56.2,57.16 2 0
github.com/mborodin/uyuni-operator/internal/controller/urlcheck.go:57.16,59.3 1 0
github.com/mborodin/uyuni-operator/internal/controller/urlcheck.go:60.2,60.15 1 0
github.com/mborodin/uyuni-operator/internal/controller/urlcheck.go:60.15,60.40 1 0
github.com/mborodin/uyuni-operator/internal/controller/urlcheck.go:61.2,61.28 1 0
github.com/mborodin/uyuni-operator/internal/controller/urlcheck.go:61.28,63.3 1 0
github.com/mborodin/uyuni-operator/internal/controller/urlcheck.go:64.2,64.12 1 0
github.com/mborodin/uyuni-operator/internal/controller/uyuniprovider_controller.go:32.105,34.62 2 0
github.com/mborodin/uyuni-operator/internal/controller/uyuniprovider_controller.go:34.62,39.3 2 0
github.com/mborodin/uyuni-operator/internal/controller/uyuniprovider_controller.go:44.2,44.25 1 0
github.com/mborodin/uyuni-operator/internal/controller/uyuniprovider_controller.go:44.25,45.61 1 0
github.com/mborodin/uyuni-operator/internal/controller/uyuniprovider_controller.go:45.61,47.4 1 0
github.com/mborodin/uyuni-operator/internal/controller/uyuniprovider_controller.go:47.9,47.23 1 0
github.com/mborodin/uyuni-operator/internal/controller/uyuniprovider_controller.go:47.23,52.4 2 0
github.com/mborodin/uyuni-operator/internal/controller/uyuniprovider_controller.go:55.2,56.16 2 0
github.com/mborodin/uyuni-operator/internal/controller/uyuniprovider_controller.go:56.16,61.3 3 0
github.com/mborodin/uyuni-operator/internal/controller/uyuniprovider_controller.go:63.2,64.16 2 0
github.com/mborodin/uyuni-operator/internal/controller/uyuniprovider_controller.go:64.16,69.3 3 0
github.com/mborodin/uyuni-operator/internal/controller/uyuniprovider_controller.go:70.2,78.54 8 0
github.com/mborodin/uyuni-operator/internal/controller/uyuniprovider_controller.go:78.54,80.3 1 0
github.com/mborodin/uyuni-operator/internal/controller/uyuniprovider_controller.go:81.2,81.56 1 0
github.com/mborodin/uyuni-operator/internal/controller/uyuniprovider_controller.go:84.118,86.43 2 0
github.com/mborodin/uyuni-operator/internal/controller/uyuniprovider_controller.go:86.43,88.3 1 0
github.com/mborodin/uyuni-operator/internal/controller/uyuniprovider_controller.go:89.2,89.35 1 0
github.com/mborodin/uyuni-operator/internal/controller/uyuniprovider_controller.go:89.35,90.54 1 0
github.com/mborodin/uyuni-operator/internal/controller/uyuniprovider_controller.go:90.54,92.4 1 0
github.com/mborodin/uyuni-operator/internal/controller/uyuniprovider_controller.go:94.2,94.16 1 0
github.com/mborodin/uyuni-operator/internal/controller/uyuniprovider_controller.go:97.76,104.2 1 0
github.com/mborodin/uyuni-operator/internal/controller/uyuniprovider_controller.go:106.114,107.40 1 0
github.com/mborodin/uyuni-operator/internal/controller/uyuniprovider_controller.go:107.40,109.3 1 0
github.com/mborodin/uyuni-operator/internal/controller/uyuniprovider_controller.go:110.2,111.43 2 0
github.com/mborodin/uyuni-operator/internal/controller/uyuniprovider_controller.go:111.43,113.3 1 0
github.com/mborodin/uyuni-operator/internal/controller/uyuniprovider_controller.go:114.2,115.34 2 0
github.com/mborodin/uyuni-operator/internal/controller/uyuniprovider_controller.go:115.34,117.39 2 0
github.com/mborodin/uyuni-operator/internal/controller/uyuniprovider_controller.go:117.39,119.4 1 0
github.com/mborodin/uyuni-operator/internal/controller/uyuniprovider_controller.go:120.3,120.28 1 0
github.com/mborodin/uyuni-operator/internal/controller/uyuniprovider_controller.go:120.28,121.33 1 0
github.com/mborodin/uyuni-operator/internal/controller/uyuniprovider_controller.go:121.33,126.10 3 0
github.com/mborodin/uyuni-operator/internal/controller/uyuniprovider_controller.go:130.2,130.12 1 0
github.com/mborodin/uyuni-operator/internal/controller/uyuniprovider_controller.go:133.55,134.66 1 0
github.com/mborodin/uyuni-operator/internal/controller/uyuniprovider_controller.go:134.66,136.3 1 0
